"DateTime","Players","Twitch Viewers","Flags"
"2014-02-01 00:00:00",7401
"2014-02-02 00:00:00",
"2014-02-03 00:00:00",
"2014-02-04 00:00:00",
"2014-02-05 00:00:00",
"2014-02-06 00:00:00",
"2014-02-07 00:00:00",
"2014-02-08 00:00:00",
"2014-02-09 00:00:00",
"2014-02-10 00:00:00",
"2014-02-11 00:00:00",
"2014-02-12 00:00:00",
"2014-02-13 00:00:00",
"2014-02-14 00:00:00",
"2014-02-15 00:00:00",
"2014-02-16 00:00:00",
"2014-02-17 00:00:00",1302
"2014-02-18 00:00:00",3027,,
"2014-02-19 00:00:00",3018
"2014-02-20 00:00:00",3736
"2014-02-21 00:00:00",6090
"2014-02-22 00:00:00",7401
"2014-02-23 00:00:00",7439
"2014-02-24 00:00:00",6491
"2014-02-25 00:00:00",6547
"2014-02-26 00:00:00",5998
"2014-02-27 00:00:00",5367
"2014-02-28 00:00:00",5609
"2014-03-01 00:00:00",6131
"2014-03-02 00:00:00",6136
"2014-03-03 00:00:00",5178
"2014-03-04 00:00:00",4743
"2014-03-05 00:00:00",4240
"2014-03-06 00:00:00",4110
"2014-03-07 00:00:00",4395
"2014-03-08 00:00:00",4880
"2014-03-09 00:00:00",4819
"2014-03-10 00:00:00",3830
"2014-03-11 00:00:00",3527
"2014-03-12 00:00:00",3400
"2014-03-13 00:00:00",3060
"2014-03-14 00:00:00",3560
"2014-03-15 00:00:00",4045
"2014-03-16 00:00:00",4026
"2014-03-17 00:00:00",3157
"2014-03-18 00:00:00",3063
"2014-03-19 00:00:00",2873
"2014-03-20 00:00:00",2247
"2014-03-21 00:00:00",3215
"2014-03-22 00:00:00",3407
"2014-03-23 00:00:00",3390
"2014-03-24 00:00:00",2736
"2014-03-25 00:00:00",2555
"2014-03-26 00:00:00",2673
"2014-03-27 00:00:00",2739
"2014-03-28 00:00:00",2981
"2014-03-29 00:00:00",3322
"2014-03-30 00:00:00",3265
"2014-03-31 00:00:00",2535
"2014-04-01 00:00:00",3338
"2014-04-02 00:00:00",2401
"2014-04-03 00:00:00",2268
"2014-04-04 00:00:00",2779
"2014-04-05 00:00:00",3068
"2014-04-06 00:00:00",3029
"2014-04-07 00:00:00",2414
"2014-04-08 00:00:00",2358
"2014-04-09 00:00:00",2157
"2014-04-10 00:00:00",2237
"2014-04-11 00:00:00",2718
"2014-04-12 00:00:00",3023
"2014-04-13 00:00:00",3023
"2014-04-14 00:00:00",2465
"2014-04-15 00:00:00",2455
"2014-04-16 00:00:00",2467
"2014-04-17 00:00:00",2714
"2014-04-18 00:00:00",2824
"2014-04-19 00:00:00",3037
"2014-04-20 00:00:00",3066
"2014-04-21 00:00:00",2641
"2014-04-22 00:00:00",2553
"2014-04-23 00:00:00",2557
"2014-04-24 00:00:00",2344
"2014-04-25 00:00:00",2944
"2014-04-26 00:00:00",3355
"2014-04-27 00:00:00",3307
"2014-04-28 00:00:00",2610
"2014-04-29 00:00:00",2581
"2014-04-30 00:00:00",2578
"2014-05-01 00:00:00",3276
"2014-05-02 00:00:00",2983
"2014-05-03 00:00:00",3325
"2014-05-04 00:00:00",3267
"2014-05-05 00:00:00",2648
"2014-05-06 00:00:00",2675
"2014-05-07 00:00:00",2579
"2014-05-08 00:00:00",2559
"2014-05-09 00:00:00",2990
"2014-05-10 00:00:00",3059
"2014-05-11 00:00:00",3034
"2014-05-12 00:00:00",2579
"2014-05-13 00:00:00",2566
"2014-05-14 00:00:00",2387
"2014-05-15 00:00:00",2499
"2014-05-16 00:00:00",2834
"2014-05-17 00:00:00",3049
"2014-05-18 00:00:00",2986
"2014-05-19 00:00:00",2502
"2014-05-20 00:00:00",2420
"2014-05-21 00:00:00",2367
"2014-05-22 00:00:00",2352
"2014-05-23 00:00:00",2716
"2014-05-24 00:00:00",2935
"2014-05-25 00:00:00",2906
"2014-05-26 00:00:00",2875
"2014-05-27 00:00:00",2335
"2014-05-28 00:00:00",2398
"2014-05-29 00:00:00",2328
"2014-05-30 00:00:00",2520
"2014-05-31 00:00:00",2750
"2014-06-01 00:00:00",5723
"2014-06-02 00:00:00",2208
"2014-06-03 00:00:00",2216
"2014-06-04 00:00:00",2137
"2014-06-05 00:00:00",2180
"2014-06-06 00:00:00",2577
"2014-06-07 00:00:00",2781
"2014-06-08 00:00:00",2854
"2014-06-09 00:00:00",2364
"2014-06-10 00:00:00",2374
"2014-06-11 00:00:00",2335
"2014-06-12 00:00:00",2335
"2014-06-13 00:00:00",2627
"2014-06-14 00:00:00",2857
"2014-06-15 00:00:00",2812
"2014-06-16 00:00:00",2422
"2014-06-17 00:00:00",2426
"2014-06-18 00:00:00",2354
"2014-06-19 00:00:00",2303
"2014-06-20 00:00:00",2662
"2014-06-21 00:00:00",3235
"2014-06-22 00:00:00",3184
"2014-06-23 00:00:00",2934
"2014-06-24 00:00:00",3073
"2014-06-25 00:00:00",4599
"2014-06-26 00:00:00",4961
"2014-06-27 00:00:00",5404
"2014-06-28 00:00:00",5827
"2014-06-29 00:00:00",5765
"2014-06-30 00:00:00",4873
"2014-07-01 00:00:00",5263
"2014-07-02 00:00:00",4584
"2014-07-03 00:00:00",4647
"2014-07-04 00:00:00",4732
"2014-07-05 00:00:00",5278
"2014-07-06 00:00:00",5238
"2014-07-07 00:00:00",4456
"2014-07-08 00:00:00",4599
"2014-07-09 00:00:00",4486
"2014-07-10 00:00:00",4489
"2014-07-11 00:00:00",5054
"2014-07-12 00:00:00",5180
"2014-07-13 00:00:00",5217
"2014-07-14 00:00:00",4604
"2014-07-15 00:00:00",4560
"2014-07-16 00:00:00",4464
"2014-07-17 00:00:00",4201
"2014-07-18 00:00:00",4866
"2014-07-19 00:00:00",5232
"2014-07-20 00:00:00",5241
"2014-07-21 00:00:00",4301
"2014-07-22 00:00:00",4244
"2014-07-23 00:00:00",4126
"2014-07-24 00:00:00",3989
"2014-07-25 00:00:00",4331
"2014-07-26 00:00:00",4851
"2014-07-27 00:00:00",4856
"2014-07-28 00:00:00",4151
"2014-07-29 00:00:00",4100
"2014-07-30 00:00:00",3911
"2014-07-31 00:00:00",3832
"2014-08-01 00:00:00",4984
"2014-08-02 00:00:00",4862
"2014-08-03 00:00:00",4849
"2014-08-04 00:00:00",4217
"2014-08-05 00:00:00",4087
"2014-08-06 00:00:00",4092
"2014-08-07 00:00:00",4011
"2014-08-08 00:00:00",4482
"2014-08-09 00:00:00",5006
"2014-08-10 00:00:00",4984
"2014-08-11 00:00:00",4210
"2014-08-12 00:00:00",4233
"2014-08-13 00:00:00",4021
"2014-08-14 00:00:00",4072
"2014-08-15 00:00:00",4510
"2014-08-16 00:00:00",4900
"2014-08-17 00:00:00",4918
"2014-08-18 00:00:00",4362
"2014-08-19 00:00:00",4331
"2014-08-20 00:00:00",3981
"2014-08-21 00:00:00",4024
"2014-08-22 00:00:00",4604
"2014-08-23 00:00:00",4982
"2014-08-24 00:00:00",4921
"2014-08-25 00:00:00",4044
"2014-08-26 00:00:00",3948
"2014-08-27 00:00:00",3847
"2014-08-28 00:00:00",3689
"2014-08-29 00:00:00",4374
"2014-08-30 00:00:00",4562
"2014-08-31 00:00:00",4748
"2014-09-01 00:00:00",4729
"2014-09-02 00:00:00",3798
"2014-09-03 00:00:00",3630
"2014-09-04 00:00:00",3490
"2014-09-05 00:00:00",4230
"2014-09-06 00:00:00",4472
"2014-09-07 00:00:00",4399
"2014-09-08 00:00:00",3490
"2014-09-09 00:00:00",3398
"2014-09-10 00:00:00",3252
"2014-09-11 00:00:00",3105
"2014-09-12 00:00:00",3655
"2014-09-13 00:00:00",3929
"2014-09-14 00:00:00",3883
"2014-09-15 00:00:00",3079
"2014-09-16 00:00:00",2937
"2014-09-17 00:00:00",2917
"2014-09-18 00:00:00",2947
"2014-09-19 00:00:00",3463
"2014-09-20 00:00:00",3793
"2014-09-21 00:00:00",3738
"2014-09-22 00:00:00",3084
"2014-09-23 00:00:00",3052
"2014-09-24 00:00:00",2927
"2014-09-25 00:00:00",2812
"2014-09-26 00:00:00",3366
"2014-09-27 00:00:00",3599
"2014-09-28 00:00:00",3564
"2014-09-29 00:00:00",2919
"2014-09-30 00:00:00",2902
"2014-10-01 00:00:00",5425
"2014-10-02 00:00:00",3058
"2014-10-03 00:00:00",3795
"2014-10-04 00:00:00",4122
"2014-10-05 00:00:00",4093
"2014-10-06 00:00:00",3307
"2014-10-07 00:00:00",3289
"2014-10-08 00:00:00",3128
"2014-10-09 00:00:00",3050
"2014-10-10 00:00:00",3547
"2014-10-11 00:00:00",3888
"2014-10-12 00:00:00",3750
"2014-10-13 00:00:00",3276
"2014-10-14 00:00:00",3003
"2014-10-15 00:00:00",2874
"2014-10-16 00:00:00",2939
"2014-10-17 00:00:00",3536
"2014-10-18 00:00:00",3882
"2014-10-19 00:00:00",3876
"2014-10-20 00:00:00",3434
"2014-10-21 00:00:00",3224
"2014-10-22 00:00:00",3234
"2014-10-23 00:00:00",3215
"2014-10-24 00:00:00",3803
"2014-10-25 00:00:00",4280
"2014-10-26 00:00:00",4309
"2014-10-27 00:00:00",5385
"2014-10-28 00:00:00",5435
"2014-10-29 00:00:00",4558
"2014-10-30 00:00:00",4319
"2014-10-31 00:00:00",4819
"2014-11-01 00:00:00",6012
"2014-11-02 00:00:00",5242
"2014-11-03 00:00:00",4129
"2014-11-04 00:00:00",4086
"2014-11-05 00:00:00",3977
"2014-11-06 00:00:00",4255
"2014-11-07 00:00:00",5444
"2014-11-08 00:00:00",5962
"2014-11-09 00:00:00",6012
"2014-11-10 00:00:00",5211
"2014-11-11 00:00:00",5252
"2014-11-12 00:00:00",4714
"2014-11-13 00:00:00",4605
"2014-11-14 00:00:00",5262
"2014-11-15 00:00:00",5630
"2014-11-16 00:00:00",5802
"2014-11-17 00:00:00",4453
"2014-11-18 00:00:00",4464
"2014-11-19 00:00:00",4252
"2014-11-20 00:00:00",3978
"2014-11-21 00:00:00",4011
"2014-11-22 00:00:00",4822
"2014-11-23 00:00:00",4874
"2014-11-24 00:00:00",3974
"2014-11-25 00:00:00",3860
"2014-11-26 00:00:00",3904
"2014-11-27 00:00:00",3763
"2014-11-28 00:00:00",4000
"2014-11-29 00:00:00",4397
"2014-11-30 00:00:00",4447
"2014-12-01 00:00:00",4753
"2014-12-02 00:00:00",3602
"2014-12-03 00:00:00",3506
"2014-12-04 00:00:00",3226
"2014-12-05 00:00:00",3538
"2014-12-06 00:00:00",4315
"2014-12-07 00:00:00",4448
"2014-12-08 00:00:00",3837
"2014-12-09 00:00:00",3997
"2014-12-10 00:00:00",3703
"2014-12-11 00:00:00",3671
"2014-12-12 00:00:00",3970
"2014-12-13 00:00:00",4514
"2014-12-14 00:00:00",4560
"2014-12-15 00:00:00",3780
"2014-12-16 00:00:00",3748
"2014-12-17 00:00:00",3696
"2014-12-18 00:00:00",3673
"2014-12-19 00:00:00",3896
"2014-12-20 00:00:00",4369
"2014-12-21 00:00:00",4497
"2014-12-22 00:00:00",4017
"2014-12-23 00:00:00",3911
"2014-12-24 00:00:00",3532
"2014-12-25 00:00:00",4003
"2014-12-26 00:00:00",4310
"2014-12-27 00:00:00",4498
"2014-12-28 00:00:00",4771
"2014-12-29 00:00:00",4453
"2014-12-30 00:00:00",4523
"2014-12-31 00:00:00",4800
"2015-01-01 00:00:00",6587
"2015-01-02 00:00:00",4876
"2015-01-03 00:00:00",5318
"2015-01-04 00:00:00",5563
"2015-01-05 00:00:00",4691
"2015-01-06 00:00:00",4214
"2015-01-07 00:00:00",4493
"2015-01-08 00:00:00",4615
"2015-01-09 00:00:00",5204
"2015-01-10 00:00:00",5574
"2015-01-11 00:00:00",5715
"2015-01-12 00:00:00",4781
"2015-01-13 00:00:00",4802
"2015-01-14 00:00:00",4675
"2015-01-15 00:00:00",4684
"2015-01-16 00:00:00",5411
"2015-01-17 00:00:00",5988
"2015-01-18 00:00:00",6050
"2015-01-19 00:00:00",5079
"2015-01-20 00:00:00",5163
"2015-01-21 00:00:00",5326
"2015-01-22 00:00:00",5231
"2015-01-23 00:00:00",5929
"2015-01-24 00:00:00",6499
"2015-01-25 00:00:00",6589
"2015-01-26 00:00:00",5458
"2015-01-27 00:00:00",5098
"2015-01-28 00:00:00",5104
"2015-01-29 00:00:00",5044
"2015-01-30 00:00:00",6120
"2015-01-31 00:00:00",6745
"2015-02-01 00:00:00",6897
"2015-02-02 00:00:00",5315
"2015-02-03 00:00:00",5264
"2015-02-04 00:00:00",4796
"2015-02-05 00:00:00",4798
"2015-02-06 00:00:00",4798
"2015-02-07 00:00:00",4798
"2015-02-08 00:00:00",4798
"2015-02-09 00:00:00",5167
"2015-02-10 00:00:00",5192
"2015-02-11 00:00:00",3129
"2015-02-12 00:00:00",3129
"2015-02-13 00:00:00",5348
"2015-02-14 00:00:00",6126
"2015-02-15 00:00:00",6277
"2015-02-16 00:00:00",
"2015-02-17 00:00:00",4829
"2015-02-18 00:00:00",5077
"2015-02-19 00:00:00",4995
"2015-02-20 00:00:00",5895
"2015-02-21 00:00:00",6166
"2015-02-22 00:00:00",6331
"2015-02-23 00:00:00",6325
"2015-02-24 00:00:00",6424
"2015-02-25 00:00:00",
"2015-02-26 00:00:00",
"2015-02-27 00:00:00",
"2015-02-28 00:00:00",
"2015-03-01 00:00:00",7349
"2015-03-02 00:00:00",
"2015-03-03 00:00:00",
"2015-03-04 00:00:00",
"2015-03-05 00:00:00",
"2015-03-06 00:00:00",
"2015-03-07 00:00:00",
"2015-03-08 00:00:00",
"2015-03-09 00:00:00",
"2015-03-10 00:00:00",
"2015-03-11 00:00:00",
"2015-03-12 00:00:00",
"2015-03-13 00:00:00",
"2015-03-14 00:00:00",
"2015-03-15 00:00:00",
"2015-03-16 00:00:00",
"2015-03-17 00:00:00",
"2015-03-18 00:00:00",
"2015-03-19 00:00:00",
"2015-03-20 00:00:00",
"2015-03-21 00:00:00",
"2015-03-22 00:00:00",
"2015-03-23 00:00:00",
"2015-03-24 00:00:00",
"2015-03-25 00:00:00",
"2015-03-26 00:00:00",
"2015-03-27 00:00:00",
"2015-03-28 00:00:00",
"2015-03-29 00:00:00",
"2015-03-30 00:00:00",
"2015-03-31 00:00:00",
"2015-04-01 00:00:00",6740
"2015-04-02 00:00:00",
"2015-04-03 00:00:00",
"2015-04-04 00:00:00",
"2015-04-05 00:00:00",
"2015-04-06 00:00:00",
"2015-04-07 00:00:00",
"2015-04-08 00:00:00",
"2015-04-09 00:00:00",
"2015-04-10 00:00:00",
"2015-04-11 00:00:00",
"2015-04-12 00:00:00",
"2015-04-13 00:00:00",
"2015-04-14 00:00:00",
"2015-04-15 00:00:00",
"2015-04-16 00:00:00",
"2015-04-17 00:00:00",
"2015-04-18 00:00:00",
"2015-04-19 00:00:00",
"2015-04-20 00:00:00",
"2015-04-21 00:00:00",
"2015-04-22 00:00:00",
"2015-04-23 00:00:00",
"2015-04-24 00:00:00",
"2015-04-25 00:00:00",
"2015-04-26 00:00:00",6510
"2015-04-27 00:00:00",6010
"2015-04-28 00:00:00",5427
"2015-04-29 00:00:00",5263
"2015-04-30 00:00:00",5130
"2015-05-01 00:00:00",5378
"2015-05-02 00:00:00",6053
"2015-05-03 00:00:00",6605
"2015-05-04 00:00:00",6175
"2015-05-05 00:00:00",5355
"2015-05-06 00:00:00",5173
"2015-05-07 00:00:00",5215
"2015-05-08 00:00:00",5257
"2015-05-09 00:00:00",6008
"2015-05-10 00:00:00",6255
"2015-05-11 00:00:00",5742
"2015-05-12 00:00:00",5536
"2015-05-13 00:00:00",5480
"2015-05-14 00:00:00",5608
"2015-05-15 00:00:00",5503
"2015-05-16 00:00:00",6262
"2015-05-17 00:00:00",6675
"2015-05-18 00:00:00",6215
"2015-05-19 00:00:00",5273
"2015-05-20 00:00:00",5138
"2015-05-21 00:00:00",5012
"2015-05-22 00:00:00",4995
"2015-05-23 00:00:00",5599
"2015-05-24 00:00:00",6259
"2015-05-25 00:00:00",6331
"2015-05-26 00:00:00",5975
"2015-05-27 00:00:00",5375
"2015-05-28 00:00:00",5261
"2015-05-29 00:00:00",5351
"2015-05-30 00:00:00",6223
"2015-05-31 00:00:00",6694
"2015-06-01 00:00:00",6299
"2015-06-02 00:00:00",5541
"2015-06-03 00:00:00",5668
"2015-06-04 00:00:00",5750
"2015-06-05 00:00:00",5722
"2015-06-06 00:00:00",6376
"2015-06-07 00:00:00",6964
"2015-06-08 00:00:00",6490
"2015-06-09 00:00:00",5905
"2015-06-10 00:00:00",5866
"2015-06-11 00:00:00",5734
"2015-06-12 00:00:00",5613
"2015-06-13 00:00:00",6429
"2015-06-14 00:00:00",6953
"2015-06-15 00:00:00",6502
"2015-06-16 00:00:00",5927
"2015-06-17 00:00:00",6318
"2015-06-18 00:00:00",6041
"2015-06-19 00:00:00",10838
"2015-06-20 00:00:00",10967
"2015-06-21 00:00:00",11325
"2015-06-22 00:00:00",10490
"2015-06-23 00:00:00",10598
"2015-06-24 00:00:00",10336
"2015-06-25 00:00:00",10041
"2015-06-26 00:00:00",9887
"2015-06-27 00:00:00",10997
"2015-06-28 00:00:00",11945
"2015-06-29 00:00:00",11415
"2015-06-30 00:00:00",9801
"2015-07-01 00:00:00",9495
"2015-07-02 00:00:00",9280
"2015-07-03 00:00:00",9808
"2015-07-04 00:00:00",9932
"2015-07-05 00:00:00",11131
"2015-07-06 00:00:00",10723
"2015-07-07 00:00:00",10076
"2015-07-08 00:00:00",9791
"2015-07-09 00:00:00",9354
"2015-07-10 00:00:00",9075
"2015-07-11 00:00:00",10074
"2015-07-12 00:00:00",11069
"2015-07-13 00:00:00",10580
"2015-07-14 00:00:00",9202
"2015-07-15 00:00:00",9027
"2015-07-16 00:00:00",8670
"2015-07-17 00:00:00",8481,90
"2015-07-18 00:00:00",9534,91
"2015-07-19 00:00:00",10492,130
"2015-07-20 00:00:00",9665,403
"2015-07-21 00:00:00",9271,938
"2015-07-22 00:00:00",8984,136
"2015-07-23 00:00:00",8794,188
"2015-07-24 00:00:00",8509,192
"2015-07-25 00:00:00",9621,205
"2015-07-26 00:00:00",10404,117
"2015-07-27 00:00:00",9915,94
"2015-07-28 00:00:00",9015,481
"2015-07-29 00:00:00",8561,80
"2015-07-30 00:00:00",8169,343
"2015-07-31 00:00:00",7937,134
"2015-08-01 00:00:00",8946,50
"2015-08-02 00:00:00",9941,49
"2015-08-03 00:00:00",9343,79
"2015-08-04 00:00:00",8809,76
"2015-08-05 00:00:00",8448,135
"2015-08-06 00:00:00",8005,74
"2015-08-07 00:00:00",7865,132
"2015-08-08 00:00:00",8701,78
"2015-08-09 00:00:00",9667,91
"2015-08-10 00:00:00",9018,193
"2015-08-11 00:00:00",8032,126
"2015-08-12 00:00:00",7783,246
"2015-08-13 00:00:00",7689,1601
"2015-08-14 00:00:00",7406,29129
"2015-08-15 00:00:00",8756,165
"2015-08-16 00:00:00",9430,104
"2015-08-17 00:00:00",8909,174
"2015-08-18 00:00:00",7823,110
"2015-08-19 00:00:00",7544,72
"2015-08-20 00:00:00",7235,111
"2015-08-21 00:00:00",7183,134
"2015-08-22 00:00:00",8393,58
"2015-08-23 00:00:00",8837,109
"2015-08-24 00:00:00",8264,80
"2015-08-25 00:00:00",7596,51
"2015-08-26 00:00:00",7230,2534
"2015-08-27 00:00:00",7124,77
"2015-08-28 00:00:00",6985,1358
"2015-08-29 00:00:00",7853,75
"2015-08-30 00:00:00",8382,347
"2015-08-31 00:00:00",7764,99
"2015-09-01 00:00:00",6473,69
"2015-09-02 00:00:00",6247,59
"2015-09-03 00:00:00",6198,60
"2015-09-04 00:00:00",6183,65
"2015-09-05 00:00:00",7138,70
"2015-09-06 00:00:00",7572,54
"2015-09-07 00:00:00",7837,118
"2015-09-08 00:00:00",7176,30
"2015-09-09 00:00:00",5895,54
"2015-09-10 00:00:00",5832,421
"2015-09-11 00:00:00",5892,124
"2015-09-12 00:00:00",7066,126
"2015-09-13 00:00:00",7392,120
"2015-09-14 00:00:00",6744,216
"2015-09-15 00:00:00",5889,52
"2015-09-16 00:00:00",5739,138
"2015-09-17 00:00:00",5711,43
"2015-09-18 00:00:00",5756,31
"2015-09-19 00:00:00",6792,45
"2015-09-20 00:00:00",7260,44
"2015-09-21 00:00:00",6586,240
"2015-09-22 00:00:00",5836,3362
"2015-09-23 00:00:00",5728,65
"2015-09-24 00:00:00",5632,64
"2015-09-25 00:00:00",5639,60
"2015-09-26 00:00:00",6629,30
"2015-09-27 00:00:00",7204,48
"2015-09-28 00:00:00",6529,48
"2015-09-29 00:00:00",5649,214
"2015-09-30 00:00:00",5462,43
"2015-10-01 00:00:00",5319,19
"2015-10-02 00:00:00",5549,28
"2015-10-03 00:00:00",6575,60
"2015-10-04 00:00:00",6814,55
"2015-10-05 00:00:00",6135,66
"2015-10-06 00:00:00",5656,70
"2015-10-07 00:00:00",5505,145
"2015-10-08 00:00:00",5244,88
"2015-10-09 00:00:00",5326,33
"2015-10-10 00:00:00",6218,35
"2015-10-11 00:00:00",6746,220
"2015-10-12 00:00:00",6052,71
"2015-10-13 00:00:00",5553,54
"2015-10-14 00:00:00",5215,164
"2015-10-15 00:00:00",5206,40
"2015-10-16 00:00:00",5272,35
"2015-10-17 00:00:00",6037,23
"2015-10-18 00:00:00",6648,34
"2015-10-19 00:00:00",5891,33
"2015-10-20 00:00:00",5472,28
"2015-10-21 00:00:00",5323,37
"2015-10-22 00:00:00",5700,37
"2015-10-23 00:00:00",5580,49
"2015-10-24 00:00:00",6501,35
"2015-10-25 00:00:00",7277,45
"2015-10-26 00:00:00",6646,40
"2015-10-27 00:00:00",5886,4207
"2015-10-28 00:00:00",5781,40
"2015-10-29 00:00:00",5579,30
"2015-10-30 00:00:00",5601,34
"2015-10-31 00:00:00",6138,33
"2015-11-01 00:00:00",6740,27
"2015-11-02 00:00:00",6199,72
"2015-11-03 00:00:00",5668,79
"2015-11-04 00:00:00",5479,58
"2015-11-05 00:00:00",5473,7196
"2015-11-06 00:00:00",5553,39
"2015-11-07 00:00:00",6487,48
"2015-11-08 00:00:00",6250,72
"2015-11-09 00:00:00",3106,37
"2015-11-10 00:00:00",5748,59
"2015-11-11 00:00:00",6441,43
"2015-11-12 00:00:00",6066,515
"2015-11-13 00:00:00",5828,1450
"2015-11-14 00:00:00",6768,1306
"2015-11-15 00:00:00",7086,2906
"2015-11-16 00:00:00",6455,37
"2015-11-17 00:00:00",5364,32
"2015-11-18 00:00:00",5511,39
"2015-11-19 00:00:00",5440,37
"2015-11-20 00:00:00",5637,35
"2015-11-21 00:00:00",6380,81
"2015-11-22 00:00:00",6795,55
"2015-11-23 00:00:00",6060,32
"2015-11-24 00:00:00",5615,116
"2015-11-25 00:00:00",5608,62
"2015-11-26 00:00:00",5308,53
"2015-11-27 00:00:00",5783,42
"2015-11-28 00:00:00",6021,49
"2015-11-29 00:00:00",6403,23
"2015-11-30 00:00:00",5871,42
"2015-12-01 00:00:00",5492,26
"2015-12-02 00:00:00",5419,33
"2015-12-03 00:00:00",5309,25
"2015-12-04 00:00:00",5418,410
"2015-12-05 00:00:00",6194,123
"2015-12-06 00:00:00",6638,77
"2015-12-07 00:00:00",5998,25
"2015-12-08 00:00:00",5492,138
"2015-12-09 00:00:00",5215,197
"2015-12-10 00:00:00",5048,27
"2015-12-11 00:00:00",5231,31
"2015-12-12 00:00:00",6104,38
"2015-12-13 00:00:00",6488,34
"2015-12-14 00:00:00",5862,3851
"2015-12-15 00:00:00",5486,57
"2015-12-16 00:00:00",5134,28
"2015-12-17 00:00:00",5324,22
"2015-12-18 00:00:00",5518,38
"2015-12-19 00:00:00",6205,37
"2015-12-20 00:00:00",6622,35
"2015-12-21 00:00:00",6255,39
"2015-12-22 00:00:00",5851,75
"2015-12-23 00:00:00",5706,657
"2015-12-24 00:00:00",5533,39
"2015-12-25 00:00:00",5346,49
"2015-12-26 00:00:00",6053,54
"2015-12-27 00:00:00",6600,47
"2015-12-28 00:00:00",6386,48
"2015-12-29 00:00:00",6340,41
"2015-12-30 00:00:00",6357,51
"2015-12-31 00:00:00",6297,41
"2016-01-01 00:00:00",6964,59
"2016-01-02 00:00:00",7080,54
"2016-01-03 00:00:00",7314,34
"2016-01-04 00:00:00",6856,110
"2016-01-05 00:00:00",6203,37
"2016-01-06 00:00:00",6140,43
"2016-01-07 00:00:00",6046,46
"2016-01-08 00:00:00",6298,51
"2016-01-09 00:00:00",7114,90
"2016-01-10 00:00:00",7551,52
"2016-01-11 00:00:00",6940,46
"2016-01-12 00:00:00",6196,37
"2016-01-13 00:00:00",5869,37
"2016-01-14 00:00:00",5788,41
"2016-01-15 00:00:00",5819,46
"2016-01-16 00:00:00",6653,36
"2016-01-17 00:00:00",7029,22
"2016-01-18 00:00:00",6452,42
"2016-01-19 00:00:00",5885,35
"2016-01-20 00:00:00",5400,35
"2016-01-21 00:00:00",5433,30
"2016-01-22 00:00:00",6566,45
"2016-01-23 00:00:00",8528,91
"2016-01-24 00:00:00",9321,50
"2016-01-25 00:00:00",8486,49
"2016-01-26 00:00:00",7494,36
"2016-01-27 00:00:00",6965,52
"2016-01-28 00:00:00",6764,31
"2016-01-29 00:00:00",6655,27
"2016-01-30 00:00:00",7979,32
"2016-01-31 00:00:00",8549,52
"2016-02-01 00:00:00",7727,31
"2016-02-02 00:00:00",6827,40
"2016-02-03 00:00:00",6616,46
"2016-02-04 00:00:00",6507,3192
"2016-02-05 00:00:00",6555,92
"2016-02-06 00:00:00",7607,20
"2016-02-07 00:00:00",7972,22
"2016-02-08 00:00:00",7007,26
"2016-02-09 00:00:00",6216,19
"2016-02-10 00:00:00",5926,78
"2016-02-11 00:00:00",5810,26
"2016-02-12 00:00:00",6427,26
"2016-02-13 00:00:00",7415,29
"2016-02-14 00:00:00",7727,34
"2016-02-15 00:00:00",7027,4028
"2016-02-16 00:00:00",6490,19
"2016-02-17 00:00:00",6306,72
"2016-02-18 00:00:00",6096,36
"2016-02-19 00:00:00",6283,24
"2016-02-20 00:00:00",7270,22
"2016-02-21 00:00:00",7828,24
"2016-02-22 00:00:00",7079,18
"2016-02-23 00:00:00",6737,26
"2016-02-24 00:00:00",7855,82
"2016-02-25 00:00:00",7808,40
"2016-02-26 00:00:00",8064,36
"2016-02-27 00:00:00",9187,42
"2016-02-28 00:00:00",9568,45
"2016-02-29 00:00:00",8682,33
"2016-03-01 00:00:00",7745,35
"2016-03-02 00:00:00",7524,46
"2016-03-03 00:00:00",7244,25
"2016-03-04 00:00:00",7326,19
"2016-03-05 00:00:00",8519,18
"2016-03-06 00:00:00",9077,37
"2016-03-07 00:00:00",8187,52
"2016-03-08 00:00:00",7024,47
"2016-03-09 00:00:00",6697,30
"2016-03-10 00:00:00",6655,30
"2016-03-11 00:00:00",6777,106
"2016-03-12 00:00:00",7750,43
"2016-03-13 00:00:00",8367,27
"2016-03-14 00:00:00",7586,41
"2016-03-15 00:00:00",7149,29
"2016-03-16 00:00:00",6933,26
"2016-03-17 00:00:00",6809,25
"2016-03-18 00:00:00",6975,38
"2016-03-19 00:00:00",7754,25
"2016-03-20 00:00:00",8478,78
"2016-03-21 00:00:00",7687,31
"2016-03-22 00:00:00",6969,138
"2016-03-23 00:00:00",6802,36
"2016-03-24 00:00:00",6870,809
"2016-03-25 00:00:00",7091,23
"2016-03-26 00:00:00",7270,48
"2016-03-27 00:00:00",7769,30
"2016-03-28 00:00:00",7485,2588
"2016-03-29 00:00:00",6822,38
"2016-03-30 00:00:00",6688,42
"2016-03-31 00:00:00",6398,586
"2016-04-01 00:00:00",6512,66
"2016-04-02 00:00:00",7394,25
"2016-04-03 00:00:00",7916,42
"2016-04-04 00:00:00",7135,24
"2016-04-05 00:00:00",6279,37
"2016-04-06 00:00:00",6188,27
"2016-04-07 00:00:00",6117,583
"2016-04-08 00:00:00",6094,42
"2016-04-09 00:00:00",7130,521
"2016-04-10 00:00:00",7915,31
"2016-04-11 00:00:00",7072,24
"2016-04-12 00:00:00",5722,39
"2016-04-13 00:00:00",5456,177
"2016-04-14 00:00:00",5395,52
"2016-04-15 00:00:00",5415,43
"2016-04-16 00:00:00",6159,29
"2016-04-17 00:00:00",6814,53
"2016-04-18 00:00:00",6116,91
"2016-04-19 00:00:00",5570,17
"2016-04-20 00:00:00",5434,18
"2016-04-21 00:00:00",5450,868
"2016-04-22 00:00:00",5186,165
"2016-04-23 00:00:00",5975,49
"2016-04-24 00:00:00",6655,111
"2016-04-25 00:00:00",5890,120
"2016-04-26 00:00:00",5482,55
"2016-04-27 00:00:00",5277,47
"2016-04-28 00:00:00",5324,69
"2016-04-29 00:00:00",5208,49
"2016-04-30 00:00:00",5913,2239
"2016-05-01 00:00:00",6549,40
"2016-05-02 00:00:00",6069,45
"2016-05-03 00:00:00",5281,48
"2016-05-04 00:00:00",5247,2619
"2016-05-05 00:00:00",5040,834
"2016-05-06 00:00:00",4844,35
"2016-05-07 00:00:00",5330,30
"2016-05-08 00:00:00",5515,49
"2016-05-09 00:00:00",4913,40
"2016-05-10 00:00:00",5159,27
"2016-05-11 00:00:00",4937,17
"2016-05-12 00:00:00",4881,785
"2016-05-13 00:00:00",4868,23
"2016-05-14 00:00:00",5546,21
"2016-05-15 00:00:00",6194,34
"2016-05-16 00:00:00",5873,47
"2016-05-17 00:00:00",5197,42
"2016-05-18 00:00:00",5071,101
"2016-05-19 00:00:00",4997,24
"2016-05-20 00:00:00",5030,32
"2016-05-21 00:00:00",5609,36
"2016-05-22 00:00:00",6256,46
"2016-05-23 00:00:00",5542,3056
"2016-05-24 00:00:00",4807,23
"2016-05-25 00:00:00",4674,29
"2016-05-26 00:00:00",4749,25
"2016-05-27 00:00:00",4962,33
"2016-05-28 00:00:00",5455,27
"2016-05-29 00:00:00",5758,36
"2016-05-30 00:00:00",5919,23
"2016-05-31 00:00:00",5336,38
"2016-06-01 00:00:00",5071,26
"2016-06-02 00:00:00",5023,640
"2016-06-03 00:00:00",5169,38
"2016-06-04 00:00:00",5944,61
"2016-06-05 00:00:00",6494,53
"2016-06-06 00:00:00",5861,13
"2016-06-07 00:00:00",6061,85
"2016-06-08 00:00:00",7065,37
"2016-06-09 00:00:00",6995,36
"2016-06-10 00:00:00",6762,80
"2016-06-11 00:00:00",7567,2685
"2016-06-12 00:00:00",7951,186
"2016-06-13 00:00:00",7458,482
"2016-06-14 00:00:00",6945,43
"2016-06-15 00:00:00",6745,20
"2016-06-16 00:00:00",6700,205
"2016-06-17 00:00:00",6679,197
"2016-06-18 00:00:00",7201,450
"2016-06-19 00:00:00",7577,36
"2016-06-20 00:00:00",6898,25
"2016-06-21 00:00:00",6889,13
"2016-06-22 00:00:00",6580,22
"2016-06-23 00:00:00",6404,24
"2016-06-24 00:00:00",6652,21
"2016-06-25 00:00:00",7811,17
"2016-06-26 00:00:00",8599,56
"2016-06-27 00:00:00",8052,168
"2016-06-28 00:00:00",7731,20
"2016-06-29 00:00:00",7344,33
"2016-06-30 00:00:00",7138,23
"2016-07-01 00:00:00",6678,13
"2016-07-02 00:00:00",7990,41
"2016-07-03 00:00:00",8628,13
"2016-07-04 00:00:00",8946,47
"2016-07-05 00:00:00",7977,19
"2016-07-06 00:00:00",7422,19
"2016-07-07 00:00:00",7119,22
"2016-07-08 00:00:00",7020,22
"2016-07-09 00:00:00",7641,12
"2016-07-10 00:00:00",8085,13
"2016-07-11 00:00:00",7602,20
"2016-07-12 00:00:00",6752,29
"2016-07-13 00:00:00",6538,16
"2016-07-14 00:00:00",6377,23
"2016-07-15 00:00:00",6075,17
"2016-07-16 00:00:00",6703,22
"2016-07-17 00:00:00",7283,26
"2016-07-18 00:00:00",6816,21
"2016-07-19 00:00:00",5890,20
"2016-07-20 00:00:00",6096,189
"2016-07-21 00:00:00",6081,20
"2016-07-22 00:00:00",5874,13
"2016-07-23 00:00:00",6478,139
"2016-07-24 00:00:00",6996,154
"2016-07-25 00:00:00",6568,446
"2016-07-26 00:00:00",6742,29
"2016-07-27 00:00:00",6408,20
"2016-07-28 00:00:00",6049,27
"2016-07-29 00:00:00",5913,26
"2016-07-30 00:00:00",6642,37
"2016-07-31 00:00:00",7026,37
"2016-08-01 00:00:00",6728,18
"2016-08-02 00:00:00",5959,52
"2016-08-03 00:00:00",5822,25
"2016-08-04 00:00:00",5557,150
"2016-08-05 00:00:00",5741,18
"2016-08-06 00:00:00",6242,126
"2016-08-07 00:00:00",6635,35
"2016-08-08 00:00:00",6345,28
"2016-08-09 00:00:00",5719,27
"2016-08-10 00:00:00",5432,20
"2016-08-11 00:00:00",5316,16
"2016-08-12 00:00:00",5103,18
"2016-08-13 00:00:00",5729,20
"2016-08-14 00:00:00",6200,46
"2016-08-15 00:00:00",6034,42
"2016-08-16 00:00:00",5275,32
"2016-08-17 00:00:00",5210,20
"2016-08-18 00:00:00",5117,38
"2016-08-19 00:00:00",5062,22
"2016-08-20 00:00:00",5850,21
"2016-08-21 00:00:00",6359,29
"2016-08-22 00:00:00",5862,20
"2016-08-23 00:00:00",5598,51
"2016-08-24 00:00:00",5401,29
"2016-08-25 00:00:00",5256,27
"2016-08-26 00:00:00",5283,32
"2016-08-27 00:00:00",6446,161
"2016-08-28 00:00:00",6789,172
"2016-08-29 00:00:00",6268,86
"2016-08-30 00:00:00",5345,101
"2016-08-31 00:00:00",5307,606
"2016-09-01 00:00:00",5119,128
"2016-09-02 00:00:00",5072,154
"2016-09-03 00:00:00",5877,80
"2016-09-04 00:00:00",6381,95
"2016-09-05 00:00:00",6453,45
"2016-09-06 00:00:00",5842,68
"2016-09-07 00:00:00",5136,45
"2016-09-08 00:00:00",5070,52
"2016-09-09 00:00:00",5159,26
"2016-09-10 00:00:00",6130,46
"2016-09-11 00:00:00",6504,34
"2016-09-12 00:00:00",5899,32
"2016-09-13 00:00:00",5096,45
"2016-09-14 00:00:00",5004,43
"2016-09-15 00:00:00",4889,45
"2016-09-16 00:00:00",4997,31
"2016-09-17 00:00:00",6273,464
"2016-09-18 00:00:00",6797,66
"2016-09-19 00:00:00",6050,24
"2016-09-20 00:00:00",5411,27
"2016-09-21 00:00:00",5364,31
"2016-09-22 00:00:00",5306,55
"2016-09-23 00:00:00",5626,42
"2016-09-24 00:00:00",6621,116
"2016-09-25 00:00:00",7203,120
"2016-09-26 00:00:00",6386,38
"2016-09-27 00:00:00",6209,33
"2016-09-28 00:00:00",7400,33
"2016-09-29 00:00:00",7392,31
"2016-09-30 00:00:00",7431,61
"2016-10-01 00:00:00",8600,27
"2016-10-02 00:00:00",9210,52
"2016-10-03 00:00:00",8634,49
"2016-10-04 00:00:00",7424,36
"2016-10-05 00:00:00",7075,31
"2016-10-06 00:00:00",7048,33
"2016-10-07 00:00:00",7080,35
"2016-10-08 00:00:00",7953,47
"2016-10-09 00:00:00",8513,27
"2016-10-10 00:00:00",7658,40
"2016-10-11 00:00:00",6891,40
"2016-10-12 00:00:00",6688,25
"2016-10-13 00:00:00",6547,32
"2016-10-14 00:00:00",6970,217
"2016-10-15 00:00:00",8250,42
"2016-10-16 00:00:00",8971,31
"2016-10-17 00:00:00",8130,37
"2016-10-18 00:00:00",7504,30
"2016-10-19 00:00:00",7430,32
"2016-10-20 00:00:00",7193,184
"2016-10-21 00:00:00",7119,58
"2016-10-22 00:00:00",8125,25
"2016-10-23 00:00:00",8565,100
"2016-10-24 00:00:00",7948,45
"2016-10-25 00:00:00",7021,224
"2016-10-26 00:00:00",6693,169
"2016-10-27 00:00:00",6517,50
"2016-10-28 00:00:00",6458,19
"2016-10-29 00:00:00",6968,39
"2016-10-30 00:00:00",8036,36
"2016-10-31 00:00:00",7363,47
"2016-11-01 00:00:00",7534,28
"2016-11-02 00:00:00",7253,39
"2016-11-03 00:00:00",6963,48
"2016-11-04 00:00:00",6889,66
"2016-11-05 00:00:00",7833,67
"2016-11-06 00:00:00",8093,67
"2016-11-07 00:00:00",7397,58
"2016-11-08 00:00:00",6681,28
"2016-11-09 00:00:00",6280,25
"2016-11-10 00:00:00",5963,20
"2016-11-11 00:00:00",6740,50
"2016-11-12 00:00:00",7381,38
"2016-11-13 00:00:00",7866,28
"2016-11-14 00:00:00",7126,23
"2016-11-15 00:00:00",6421,47
"2016-11-16 00:00:00",6033,25
"2016-11-17 00:00:00",5852,53
"2016-11-18 00:00:00",5647,21
"2016-11-19 00:00:00",6551,54
"2016-11-20 00:00:00",6408,34
"2016-11-21 00:00:00",5728,60
"2016-11-22 00:00:00",5728,81
"2016-11-23 00:00:00",5576,28
"2016-11-24 00:00:00",5314,55
"2016-11-25 00:00:00",5812,69
"2016-11-26 00:00:00",6193,38
"2016-11-27 00:00:00",6498,168
"2016-11-28 00:00:00",5918,27
"2016-11-29 00:00:00",5044,28
"2016-11-30 00:00:00",4903,40
"2016-12-01 00:00:00",4811,23
"2016-12-02 00:00:00",4918,25
"2016-12-03 00:00:00",5719,22
"2016-12-04 00:00:00",6136,51
"2016-12-05 00:00:00",5578,44
"2016-12-06 00:00:00",5230,44
"2016-12-07 00:00:00",5084,32
"2016-12-08 00:00:00",4955,69
"2016-12-09 00:00:00",4901,91
"2016-12-10 00:00:00",5925,56
"2016-12-11 00:00:00",6375,32
"2016-12-12 00:00:00",5813,388
"2016-12-13 00:00:00",5139,16
"2016-12-14 00:00:00",4951,25
"2016-12-15 00:00:00",5240,20
"2016-12-16 00:00:00",5169,25
"2016-12-17 00:00:00",6021,66
"2016-12-18 00:00:00",6400,41
"2016-12-19 00:00:00",5971,43
"2016-12-20 00:00:00",5602,194
"2016-12-21 00:00:00",5380,28
"2016-12-22 00:00:00",5371,55
"2016-12-23 00:00:00",5246,32
"2016-12-24 00:00:00",5165,81
"2016-12-25 00:00:00",5624,44
"2016-12-26 00:00:00",7113,433
"2016-12-27 00:00:00",7666,322
"2016-12-28 00:00:00",7637,27
"2016-12-29 00:00:00",7678,30
"2016-12-30 00:00:00",7820,32
"2016-12-31 00:00:00",7743,46
"2017-01-01 00:00:00",9000,30
"2017-01-02 00:00:00",9515,46
"2017-01-03 00:00:00",9244,73
"2017-01-04 00:00:00",8335,218
"2017-01-05 00:00:00",8080,122
"2017-01-06 00:00:00",8198,42
"2017-01-07 00:00:00",9910,33
"2017-01-08 00:00:00",9982,66
"2017-01-09 00:00:00",8068,38
"2017-01-10 00:00:00",8158,30
"2017-01-11 00:00:00",8196,27
"2017-01-12 00:00:00",8066,29
"2017-01-13 00:00:00",8262,24
"2017-01-14 00:00:00",9590,58
"2017-01-15 00:00:00",10154,77
"2017-01-16 00:00:00",9595,39
"2017-01-17 00:00:00",7927,38
"2017-01-18 00:00:00",9277,172
"2017-01-19 00:00:00",9446,96
"2017-01-20 00:00:00",9886,66
"2017-01-21 00:00:00",11405,165
"2017-01-22 00:00:00",11982,69
"2017-01-23 00:00:00",11167,90
"2017-01-24 00:00:00",9360,93
"2017-01-25 00:00:00",8873,143
"2017-01-26 00:00:00",8656,40
"2017-01-27 00:00:00",8816,117
"2017-01-28 00:00:00",10337,49
"2017-01-29 00:00:00",10831,620
"2017-01-30 00:00:00",10150,207
"2017-01-31 00:00:00",8774,40
"2017-02-01 00:00:00",8675,50
"2017-02-02 00:00:00",8560,36
"2017-02-03 00:00:00",8792,41
"2017-02-04 00:00:00",10492,33
"2017-02-05 00:00:00",10859,57
"2017-02-06 00:00:00",9770,15
"2017-02-07 00:00:00",8618,26
"2017-02-08 00:00:00",8580,69
"2017-02-09 00:00:00",8277,51
"2017-02-10 00:00:00",8205,39
"2017-02-11 00:00:00",9799,54
"2017-02-12 00:00:00",10302,219
"2017-02-13 00:00:00",9145,29
"2017-02-14 00:00:00",7978,69
"2017-02-15 00:00:00",8028,21
"2017-02-16 00:00:00",8147,30
"2017-02-17 00:00:00",8721,55
"2017-02-18 00:00:00",11196,762
"2017-02-19 00:00:00",12016,117
"2017-02-20 00:00:00",11341,238
"2017-02-21 00:00:00",10982,48
"2017-02-22 00:00:00",10379,259
"2017-02-23 00:00:00",9908,114
"2017-02-24 00:00:00",10055,60
"2017-02-25 00:00:00",11992,75
"2017-02-26 00:00:00",12346,79
"2017-02-27 00:00:00",10736,35
"2017-02-28 00:00:00",9289,23
"2017-03-01 00:00:00",10338,45
"2017-03-02 00:00:00",10105,296
"2017-03-03 00:00:00",9593,622
"2017-03-04 00:00:00",11322,535
"2017-03-05 00:00:00",11780,604
"2017-03-06 00:00:00",10862,518
"2017-03-07 00:00:00",9516,785
"2017-03-08 00:00:00",8872,191
"2017-03-09 00:00:00",9178,63
"2017-03-10 00:00:00",9060,39
"2017-03-11 00:00:00",10723,41
"2017-03-12 00:00:00",10611,41
"2017-03-13 00:00:00",9706,35
"2017-03-14 00:00:00",10078,45
"2017-03-15 00:00:00",9494,31
"2017-03-16 00:00:00",8925,23
"2017-03-17 00:00:00",8512,35
"2017-03-18 00:00:00",10006,88
"2017-03-19 00:00:00",10677,58
"2017-03-20 00:00:00",9371,31
"2017-03-21 00:00:00",8363,114
"2017-03-22 00:00:00",4771,91
"2017-03-23 00:00:00",7943,68
"2017-03-24 00:00:00",8156,59
"2017-03-25 00:00:00",9130,65
"2017-03-26 00:00:00",9563,69
"2017-03-27 00:00:00",8580,34
"2017-03-28 00:00:00",8886,12
"2017-03-29 00:00:00",8641,25
"2017-03-30 00:00:00",7839,36
"2017-03-31 00:00:00",7891,51
"2017-04-01 00:00:00",9174,135
"2017-04-02 00:00:00",9587,39
"2017-04-03 00:00:00",8411,57
"2017-04-04 00:00:00",7668,41
"2017-04-05 00:00:00",7634,37
"2017-04-06 00:00:00",7326,38
"2017-04-07 00:00:00",7433,62
"2017-04-08 00:00:00",8760,25
"2017-04-09 00:00:00",9400,31
"2017-04-10 00:00:00",8609,47
"2017-04-11 00:00:00",7369,38
"2017-04-12 00:00:00",6950,24
"2017-04-13 00:00:00",7224,34
"2017-04-14 00:00:00",7892,45
"2017-04-15 00:00:00",8570,56
"2017-04-16 00:00:00",9042,31
"2017-04-17 00:00:00",8567,36
"2017-04-18 00:00:00",7905,35
"2017-04-19 00:00:00",7859,23
"2017-04-20 00:00:00",7495,32
"2017-04-21 00:00:00",7737,25
"2017-04-22 00:00:00",9126,24
"2017-04-23 00:00:00",9726,49
"2017-04-24 00:00:00",8997,92
"2017-04-25 00:00:00",7670,61
"2017-04-26 00:00:00",7574,31
"2017-04-27 00:00:00",7173,29
"2017-04-28 00:00:00",7560,32
"2017-04-29 00:00:00",9221,26
"2017-04-30 00:00:00",10028,33
"2017-05-01 00:00:00",9473,34
"2017-05-02 00:00:00",8063,91
"2017-05-03 00:00:00",8007,34
"2017-05-04 00:00:00",7795,28
"2017-05-05 00:00:00",8174,49
"2017-05-06 00:00:00",9686,36
"2017-05-07 00:00:00",10380,39
"2017-05-08 00:00:00",9888,439
"2017-05-09 00:00:00",8373,34
"2017-05-10 00:00:00",8063,56
"2017-05-11 00:00:00",8119,42
"2017-05-12 00:00:00",8328,58
"2017-05-13 00:00:00",9655,378
"2017-05-14 00:00:00",9860,27
"2017-05-15 00:00:00",9219,26
"2017-05-16 00:00:00",3302,23
"2017-05-17 00:00:00",8756,39
"2017-05-18 00:00:00",8444,348
"2017-05-19 00:00:00",8394,27
"2017-05-20 00:00:00",9945,1235
"2017-05-21 00:00:00",10874,1854
"2017-05-22 00:00:00",10191,35091
"2017-05-23 00:00:00",9226,3319
"2017-05-24 00:00:00",9379,4105
"2017-05-25 00:00:00",9379,4299
"2017-05-26 00:00:00",9328,5209
"2017-05-27 00:00:00",10841,2553
"2017-05-28 00:00:00",11398,3035
"2017-05-29 00:00:00",11866,2535
"2017-05-30 00:00:00",11184,3394
"2017-05-31 00:00:00",10276,2784
"2017-06-01 00:00:00",10242,3227
"2017-06-02 00:00:00",10463,3401
"2017-06-03 00:00:00",12294,2333
"2017-06-04 00:00:00",13714,2936
"2017-06-05 00:00:00",13438,3576
"2017-06-06 00:00:00",11251,3150
"2017-06-07 00:00:00",11273,3350
"2017-06-08 00:00:00",11124,3486
"2017-06-09 00:00:00",11147,5085
"2017-06-10 00:00:00",13156,5429
"2017-06-11 00:00:00",14095,4599
"2017-06-12 00:00:00",13036,2575
"2017-06-13 00:00:00",11477,2969
"2017-06-14 00:00:00",11836,7084
"2017-06-15 00:00:00",12025,5536
"2017-06-16 00:00:00",22451,29185
"2017-06-17 00:00:00",24440,12969
"2017-06-18 00:00:00",25725,10650
"2017-06-19 00:00:00",24711,9142
"2017-06-20 00:00:00",22471,30609
"2017-06-21 00:00:00",22338,22706
"2017-06-22 00:00:00",21537,7755
"2017-06-23 00:00:00",21245,7924
"2017-06-24 00:00:00",22661,6522
"2017-06-25 00:00:00",24935,6590
"2017-06-26 00:00:00",24185,11226
"2017-06-27 00:00:00",20546,11020
"2017-06-28 00:00:00",19589,5262
"2017-06-29 00:00:00",18787,6845
"2017-06-30 00:00:00",18539,7712
"2017-07-01 00:00:00",20851,6154
"2017-07-02 00:00:00",21966,5482
"2017-07-03 00:00:00",21207,4677
"2017-07-04 00:00:00",22896,6147
"2017-07-05 00:00:00",21490,5948
"2017-07-06 00:00:00",18094,6219
"2017-07-07 00:00:00",17616,3811
"2017-07-08 00:00:00",20148,5169
"2017-07-09 00:00:00",21320,4020
"2017-07-10 00:00:00",20465,4553
"2017-07-11 00:00:00",17405,5506
"2017-07-12 00:00:00",16808,5226
"2017-07-13 00:00:00",15652,7404
"2017-07-14 00:00:00",15767,36847
"2017-07-15 00:00:00",18368,27214
"2017-07-16 00:00:00",19771,5391
"2017-07-17 00:00:00",18777,3830
"2017-07-18 00:00:00",15836,21899
"2017-07-19 00:00:00",15321,12337
"2017-07-20 00:00:00",15200,6132
"2017-07-21 00:00:00",14891,4888
"2017-07-22 00:00:00",16744,3298
"2017-07-23 00:00:00",17893,4181
"2017-07-24 00:00:00",15380,4264
"2017-07-25 00:00:00",14629,3893
"2017-07-26 00:00:00",14325,4662
"2017-07-27 00:00:00",13823,3137
"2017-07-28 00:00:00",13289,4358
"2017-07-29 00:00:00",15170,2288
"2017-07-30 00:00:00",16071,1824
"2017-07-31 00:00:00",13671,2759
"2017-08-01 00:00:00",13089,3093
"2017-08-02 00:00:00",13076,3110
"2017-08-03 00:00:00",12499,4156
"2017-08-04 00:00:00",12127,2702
"2017-08-05 00:00:00",13267,3030
"2017-08-06 00:00:00",14226,2274
"2017-08-07 00:00:00",12399,2461
"2017-08-08 00:00:00",12727,3009
"2017-08-09 00:00:00",12640,3144
"2017-08-10 00:00:00",11911,3887
"2017-08-11 00:00:00",11370,4883
"2017-08-12 00:00:00",12697,2640
"2017-08-13 00:00:00",13698,1808
"2017-08-14 00:00:00",11854,2365
"2017-08-15 00:00:00",11385,2124
"2017-08-16 00:00:00",11454,3873
"2017-08-17 00:00:00",10644,2317
"2017-08-18 00:00:00",10406,2932
"2017-08-19 00:00:00",11831,2454
"2017-08-20 00:00:00",12638,1909
"2017-08-21 00:00:00",10751,2161
"2017-08-22 00:00:00",10462,3724
"2017-08-23 00:00:00",10545,4186
"2017-08-24 00:00:00",9973,2699
"2017-08-25 00:00:00",9904,3282
"2017-08-26 00:00:00",11718,2586
"2017-08-27 00:00:00",12317,2150
"2017-08-28 00:00:00",10457,1694
"2017-08-29 00:00:00",9597,1704
"2017-08-30 00:00:00",9645,3670
"2017-08-31 00:00:00",9144,1508
"2017-09-01 00:00:00",9129,2026
"2017-09-02 00:00:00",11101,9452
"2017-09-03 00:00:00",12078,4035
"2017-09-04 00:00:00",12442,1667
"2017-09-05 00:00:00",10568,2266
"2017-09-06 00:00:00",9845,3771
"2017-09-07 00:00:00",9122,2170
"2017-09-08 00:00:00",9004,1852
"2017-09-09 00:00:00",10756,2655
"2017-09-10 00:00:00",11167,2968
"2017-09-11 00:00:00",9086,1492
"2017-09-12 00:00:00",9019,1480
"2017-09-13 00:00:00",8636,4453
"2017-09-14 00:00:00",8414,1795
"2017-09-15 00:00:00",8272,1930
"2017-09-16 00:00:00",9646,1787
"2017-09-17 00:00:00",10729,1545
"2017-09-18 00:00:00",8819,1318
"2017-09-19 00:00:00",8522,1292
"2017-09-20 00:00:00",8396,3058
"2017-09-21 00:00:00",8018,1876
"2017-09-22 00:00:00",8120,1558
"2017-09-23 00:00:00",9522,5348
"2017-09-24 00:00:00",10108,1799
"2017-09-25 00:00:00",8397,2053
"2017-09-26 00:00:00",8058,7537
"2017-09-27 00:00:00",8124,5148
"2017-09-28 00:00:00",7724,4398
"2017-09-29 00:00:00",7769,12574
"2017-09-30 00:00:00",9242,1684
"2017-10-01 00:00:00",10092,1867
"2017-10-02 00:00:00",8474,2478
"2017-10-03 00:00:00",8203,4102
"2017-10-04 00:00:00",8292,2453
"2017-10-05 00:00:00",7934,1792
"2017-10-06 00:00:00",8308,1585
"2017-10-07 00:00:00",9733,1825
"2017-10-08 00:00:00",10578,1819
"2017-10-09 00:00:00",9219,1134
"2017-10-10 00:00:00",9804,4514
"2017-10-11 00:00:00",10459,3551
"2017-10-12 00:00:00",10553,3138
"2017-10-13 00:00:00",10350,1460
"2017-10-14 00:00:00",11867,1865
"2017-10-15 00:00:00",12429,1691
"2017-10-16 00:00:00",10489,2349
"2017-10-17 00:00:00",9898,2277
"2017-10-18 00:00:00",9967,3344
"2017-10-19 00:00:00",9634,2608
"2017-10-20 00:00:00",9660,3121
"2017-10-21 00:00:00",10987,2412
"2017-10-22 00:00:00",11754,1403
"2017-10-23 00:00:00",10042,2142
"2017-10-24 00:00:00",9328,18452
"2017-10-25 00:00:00",9290,8492
"2017-10-26 00:00:00",8777,8264
"2017-10-27 00:00:00",8507,5970
"2017-10-28 00:00:00",9604,6169
"2017-10-29 00:00:00",10704,5524
"2017-10-30 00:00:00",9577,5586
"2017-10-31 00:00:00",8663,4463
"2017-11-01 00:00:00",8576,5884
"2017-11-02 00:00:00",8579,5490
"2017-11-03 00:00:00",8585,5311
"2017-11-04 00:00:00",9783,5374
"2017-11-05 00:00:00",10313,5603
"2017-11-06 00:00:00",8860,3483
"2017-11-07 00:00:00",8125,3379
"2017-11-08 00:00:00",7957,4687
"2017-11-09 00:00:00",7680,3305
"2017-11-10 00:00:00",8016,2855
"2017-11-11 00:00:00",8975,1546
"2017-11-12 00:00:00",9664,1626
"2017-11-13 00:00:00",8189,1508
"2017-11-14 00:00:00",7891,2970
"2017-11-15 00:00:00",7903,2424
"2017-11-16 00:00:00",7388,1803
"2017-11-17 00:00:00",7303,1849
"2017-11-18 00:00:00",8661,1494
"2017-11-19 00:00:00",9138,2173
"2017-11-20 00:00:00",7783,1043
"2017-11-21 00:00:00",8416,1459
"2017-11-22 00:00:00",8123,1651
"2017-11-23 00:00:00",7219,1381
"2017-11-24 00:00:00",7683,978
"2017-11-25 00:00:00",8342,1413
"2017-11-26 00:00:00",8837,1434
"2017-11-27 00:00:00",7680,1601
"2017-11-28 00:00:00",7266,2100
"2017-11-29 00:00:00",7492,2141
"2017-11-30 00:00:00",6933,1872
"2017-12-01 00:00:00",7044,1297
"2017-12-02 00:00:00",8519,1869
"2017-12-03 00:00:00",9118,2161
"2017-12-04 00:00:00",7890,2140
"2017-12-05 00:00:00",7315,1785
"2017-12-06 00:00:00",7402,1898
"2017-12-07 00:00:00",7002,1731
"2017-12-08 00:00:00",6973,1406
"2017-12-09 00:00:00",7959,1629
"2017-12-10 00:00:00",8628,1371
"2017-12-11 00:00:00",7381,1229
"2017-12-12 00:00:00",7235,1362
"2017-12-13 00:00:00",6981,1581
"2017-12-14 00:00:00",6630,1353
"2017-12-15 00:00:00",7048,11481
"2017-12-16 00:00:00",7974,1636
"2017-12-17 00:00:00",8543,1662
"2017-12-18 00:00:00",7508,1108
"2017-12-19 00:00:00",7218,1572
"2017-12-20 00:00:00",7088,1969
"2017-12-21 00:00:00",6915,1748
"2017-12-22 00:00:00",6706,1139
"2017-12-23 00:00:00",6978,1279
"2017-12-24 00:00:00",6576,1134
"2017-12-25 00:00:00",6329,1225
"2017-12-26 00:00:00",7363,1140
"2017-12-27 00:00:00",7223,1733
"2017-12-28 00:00:00",7497,1314
"2017-12-29 00:00:00",7492,1237
"2017-12-30 00:00:00",8158,1312
"2017-12-31 00:00:00",7809,1120
"2018-01-01 00:00:00",8559,1218
"2018-01-02 00:00:00",8073,1105
"2018-01-03 00:00:00",7590,1939
"2018-01-04 00:00:00",7616,1188
"2018-01-05 00:00:00",7688,1504
"2018-01-06 00:00:00",8849,1434
"2018-01-07 00:00:00",9053,1093
"2018-01-08 00:00:00",8133,5297
"2018-01-09 00:00:00",7517,1115
"2018-01-10 00:00:00",7276,2221
"2018-01-11 00:00:00",7199,1365
"2018-01-12 00:00:00",7770,1446
"2018-01-13 00:00:00",9147,1713
"2018-01-14 00:00:00",9448,1656
"2018-01-15 00:00:00",8430,4022
"2018-01-16 00:00:00",7929,1433
"2018-01-17 00:00:00",7773,1947
"2018-01-18 00:00:00",7489,1666
"2018-01-19 00:00:00",8176,19638
"2018-01-20 00:00:00",9690,1928
"2018-01-21 00:00:00",10240,2053
"2018-01-22 00:00:00",8828,8340
"2018-01-23 00:00:00",8170,1691
"2018-01-24 00:00:00",8008,3837
"2018-01-25 00:00:00",7886,1256
"2018-01-26 00:00:00",7865,1525
"2018-01-27 00:00:00",9251,1769
"2018-01-28 00:00:00",9831,1716
"2018-01-29 00:00:00",8344,5315
"2018-01-30 00:00:00",9583,6284
"2018-01-31 00:00:00",10325,5905
"2018-02-01 00:00:00",10062,3240
"2018-02-02 00:00:00",10461,2298
"2018-02-03 00:00:00",12216,2212
"2018-02-04 00:00:00",12731,1888
"2018-02-05 00:00:00",10489,3768
"2018-02-06 00:00:00",11185,2368
"2018-02-07 00:00:00",10658,2506
"2018-02-08 00:00:00",10166,1832
"2018-02-09 00:00:00",10323,2496
"2018-02-10 00:00:00",11906,13500
"2018-02-11 00:00:00",12639,3039
"2018-02-12 00:00:00",10810,3520
"2018-02-13 00:00:00",10037,3162
"2018-02-14 00:00:00",9695,2610
"2018-02-15 00:00:00",9299,1901
"2018-02-16 00:00:00",9537,2106
"2018-02-17 00:00:00",11063,1901
"2018-02-18 00:00:00",11552,1579
"2018-02-19 00:00:00",10252,3347
"2018-02-20 00:00:00",10467,1798
"2018-02-21 00:00:00",10183,2099
"2018-02-22 00:00:00",9636,2173
"2018-02-23 00:00:00",9459,1726
"2018-02-24 00:00:00",10971,2439
"2018-02-25 00:00:00",11468,1473
"2018-02-26 00:00:00",9850,3514
"2018-02-27 00:00:00",9363,1629
"2018-02-28 00:00:00",9490,2216
"2018-03-01 00:00:00",9292,1937
"2018-03-02 00:00:00",9625,2197
"2018-03-03 00:00:00",11370,2296
"2018-03-04 00:00:00",12197,2066
"2018-03-05 00:00:00",10493,3808
"2018-03-06 00:00:00",9674,1849
"2018-03-07 00:00:00",9586,2930
"2018-03-08 00:00:00",9225,3799
"2018-03-09 00:00:00",9125,2350
"2018-03-10 00:00:00",10919,2666
"2018-03-11 00:00:00",11622,2046
"2018-03-12 00:00:00",10078,3866
"2018-03-13 00:00:00",11804,4713
"2018-03-14 00:00:00",11007,2921
"2018-03-15 00:00:00",10215,2062
"2018-03-16 00:00:00",10535,2255
"2018-03-17 00:00:00",12070,1897
"2018-03-18 00:00:00",12703,1550
"2018-03-19 00:00:00",11043,4785
"2018-03-20 00:00:00",10288,2032
"2018-03-21 00:00:00",10073,2435
"2018-03-22 00:00:00",9454,2056
"2018-03-23 00:00:00",9630,1521
"2018-03-24 00:00:00",10891,1880
"2018-03-25 00:00:00",11311,1436
"2018-03-26 00:00:00",9398,5061
"2018-03-27 00:00:00",9384,6122
"2018-03-28 00:00:00",9104,2372
"2018-03-29 00:00:00",8883,1980
"2018-03-30 00:00:00",9389,1837
"2018-03-31 00:00:00",10053,2290
"2018-04-01 00:00:00",10533,1993
"2018-04-02 00:00:00",9491,3959
"2018-04-03 00:00:00",9255,9029
"2018-04-04 00:00:00",8926,3059
"2018-04-05 00:00:00",8505,2508
"2018-04-06 00:00:00",8703,2997
"2018-04-07 00:00:00",10341,5332
"2018-04-08 00:00:00",10983,2088
"2018-04-09 00:00:00",8846,3614
"2018-04-10 00:00:00",8563,2055
"2018-04-11 00:00:00",8237,4401
"2018-04-12 00:00:00",8210,8625
"2018-04-13 00:00:00",8337,7022
"2018-04-14 00:00:00",10089,16066
"2018-04-15 00:00:00",10807,2074
"2018-04-16 00:00:00",8922,3678
"2018-04-17 00:00:00",8768,3557
"2018-04-18 00:00:00",8819,6876
"2018-04-19 00:00:00",8235,2755
"2018-04-20 00:00:00",8096,2158
"2018-04-21 00:00:00",9475,2006
"2018-04-22 00:00:00",10110,2050
"2018-04-23 00:00:00",8498,5503
"2018-04-24 00:00:00",8400,2555
"2018-04-25 00:00:00",8437,5252
"2018-04-26 00:00:00",7915,2306
"2018-04-27 00:00:00",7845,1824
"2018-04-28 00:00:00",9072,2524
"2018-04-29 00:00:00",9851,2464
"2018-04-30 00:00:00",8423,3637
"2018-05-01 00:00:00",8356,2306
"2018-05-02 00:00:00",7944,2271
"2018-05-03 00:00:00",7679,7011
"2018-05-04 00:00:00",7643,2194
"2018-05-05 00:00:00",9008,1591
"2018-05-06 00:00:00",9452,1817
"2018-05-07 00:00:00",8122,3598
"2018-05-08 00:00:00",7934,1949
"2018-05-09 00:00:00",7693,2464
"2018-05-10 00:00:00",7665,1756
"2018-05-11 00:00:00",7892,16882
"2018-05-12 00:00:00",9044,2259
"2018-05-13 00:00:00",9364,1561
"2018-05-14 00:00:00",8055,3309
"2018-05-15 00:00:00",8261,1874
"2018-05-16 00:00:00",7953,2671
"2018-05-17 00:00:00",7761,2154
"2018-05-18 00:00:00",7970,1993
"2018-05-19 00:00:00",9238,7729
"2018-05-20 00:00:00",10071,3169
"2018-05-21 00:00:00",8813,7541
"2018-05-22 00:00:00",8689,5558
"2018-05-23 00:00:00",10197,3937
"2018-05-24 00:00:00",9724,2563
"2018-05-25 00:00:00",9684,3954
"2018-05-26 00:00:00",10580,2274
"2018-05-27 00:00:00",11270,1913
"2018-05-28 00:00:00",11183,4218
"2018-05-29 00:00:00",10032,2753
"2018-05-30 00:00:00",9652,3033
"2018-05-31 00:00:00",9306,1904
"2018-06-01 00:00:00",9266,2424
"2018-06-02 00:00:00",10528,2570
"2018-06-03 00:00:00",11321,1939
"2018-06-04 00:00:00",9614,3422
"2018-06-05 00:00:00",9842,21284
"2018-06-06 00:00:00",9563,17398
"2018-06-07 00:00:00",9313,18526
"2018-06-08 00:00:00",9253,8567
"2018-06-09 00:00:00",10411,9089
"2018-06-10 00:00:00",11194,8709
"2018-06-11 00:00:00",9420,6201
"2018-06-12 00:00:00",9437,4487
"2018-06-13 00:00:00",9264,4481
"2018-06-14 00:00:00",8737,2589
"2018-06-15 00:00:00",8755,3395
"2018-06-16 00:00:00",9721,3600
"2018-06-17 00:00:00",10236,3623
"2018-06-18 00:00:00",8688,3937
"2018-06-19 00:00:00",9007,2703
"2018-06-20 00:00:00",8941,3109
"2018-06-21 00:00:00",8497,3115
"2018-06-22 00:00:00",8321,2170
"2018-06-23 00:00:00",9463,10092
"2018-06-24 00:00:00",10168,2245
"2018-06-25 00:00:00",8692,3343
"2018-06-26 00:00:00",8975,2175
"2018-06-27 00:00:00",8669,2619
"2018-06-28 00:00:00",8367,2083
"2018-06-29 00:00:00",8284,9581
"2018-06-30 00:00:00",9406,2543
"2018-07-01 00:00:00",10044,1661
"2018-07-02 00:00:00",8689,4056
"2018-07-03 00:00:00",10610,3572
"2018-07-04 00:00:00",11152,3722
"2018-07-05 00:00:00",9517,2462
"2018-07-06 00:00:00",9575,2329
"2018-07-07 00:00:00",10397,2100
"2018-07-08 00:00:00",11007,2016
"2018-07-09 00:00:00",9408,5868
"2018-07-10 00:00:00",9287,3085
"2018-07-11 00:00:00",9233,3666
"2018-07-12 00:00:00",8688,2670
"2018-07-13 00:00:00",8624,2293
"2018-07-14 00:00:00",9741,2289
"2018-07-15 00:00:00",10304,2001
"2018-07-16 00:00:00",8838,13975
"2018-07-17 00:00:00",8932,2234
"2018-07-18 00:00:00",8783,2546
"2018-07-19 00:00:00",8460,2164
"2018-07-20 00:00:00",8370,2061
"2018-07-21 00:00:00",9525,2253
"2018-07-22 00:00:00",10411,1370
"2018-07-23 00:00:00",8858,3638
"2018-07-24 00:00:00",8486,2016
"2018-07-25 00:00:00",8331,2179
"2018-07-26 00:00:00",7936,2422
"2018-07-27 00:00:00",7831,2050
"2018-07-28 00:00:00",9054,2387
"2018-07-29 00:00:00",9621,1808
"2018-07-30 00:00:00",8216,2840
"2018-07-31 00:00:00",8268,1897
"2018-08-01 00:00:00",8127,3138
"2018-08-02 00:00:00",7727,2231
"2018-08-03 00:00:00",7690,2284
"2018-08-04 00:00:00",8541,1862
"2018-08-05 00:00:00",9335,1323
"2018-08-06 00:00:00",7913,3123
"2018-08-07 00:00:00",10284,3890
"2018-08-08 00:00:00",9625,4377
"2018-08-09 00:00:00",8440,2308
"2018-08-10 00:00:00",7209,1600
"2018-08-11 00:00:00",7959,2659
"2018-08-12 00:00:00",8362,1298
"2018-08-13 00:00:00",7706,1619
"2018-08-14 00:00:00",7560,7660
"2018-08-15 00:00:00",7431,2930
"2018-08-16 00:00:00",6933,1484
"2018-08-17 00:00:00",6816,1710
"2018-08-18 00:00:00",7671,1568
"2018-08-19 00:00:00",8224,970
"2018-08-20 00:00:00",6976,3560
"2018-08-21 00:00:00",7015,5905
"2018-08-22 00:00:00",7082,2231
"2018-08-23 00:00:00",6603,1874
"2018-08-24 00:00:00",6559,1726
"2018-08-25 00:00:00",7708,1826
"2018-08-26 00:00:00",8384,1673
"2018-08-27 00:00:00",7193,3214
"2018-08-28 00:00:00",6755,6041
"2018-08-29 00:00:00",6448,1551
"2018-08-30 00:00:00",6356,1503
"2018-08-31 00:00:00",6518,1886
"2018-09-01 00:00:00",7617,18831
"2018-09-02 00:00:00",7983,2155
"2018-09-03 00:00:00",8151,3318
"2018-09-04 00:00:00",6824,7996
"2018-09-05 00:00:00",6158,1990
"2018-09-06 00:00:00",6118,1828
"2018-09-07 00:00:00",6347,2016
"2018-09-08 00:00:00",7414,4925
"2018-09-09 00:00:00",7881,8165
"2018-09-10 00:00:00",6501,9167
"2018-09-11 00:00:00",6434,1852
"2018-09-12 00:00:00",6210,2055
"2018-09-13 00:00:00",6261,1659
"2018-09-14 00:00:00",6471,1886
"2018-09-15 00:00:00",7899,2428
"2018-09-16 00:00:00",8425,1675
"2018-09-17 00:00:00",6879,2582
"2018-09-18 00:00:00",8478,9623
"2018-09-19 00:00:00",9377,7613
"2018-09-20 00:00:00",9148,5801
"2018-09-21 00:00:00",9228,3534
"2018-09-22 00:00:00",10637,3367
"2018-09-23 00:00:00",11399,3163
"2018-09-24 00:00:00",9382,3946
"2018-09-25 00:00:00",9358,3140
"2018-09-26 00:00:00",9096,3214
"2018-09-27 00:00:00",8483,2539
"2018-09-28 00:00:00",8453,2459
"2018-09-29 00:00:00",9747,2777
"2018-09-30 00:00:00",10363,2058
"2018-10-01 00:00:00",8627,3357
"2018-10-02 00:00:00",8747,2427
"2018-10-03 00:00:00",8537,2598
"2018-10-04 00:00:00",7962,3021
"2018-10-05 00:00:00",7802,2942
"2018-10-06 00:00:00",9214,2997
"2018-10-07 00:00:00",9722,2874
"2018-10-08 00:00:00",8351,4076
"2018-10-09 00:00:00",8160,2492
"2018-10-10 00:00:00",8053,4005
"2018-10-11 00:00:00",7407,2920
"2018-10-12 00:00:00",7326,5240
"2018-10-13 00:00:00",8642,2266
"2018-10-14 00:00:00",9239,1708
"2018-10-15 00:00:00",7627,3669
"2018-10-16 00:00:00",7755,4272
"2018-10-17 00:00:00",7727,3746
"2018-10-18 00:00:00",7380,2297
"2018-10-19 00:00:00",7329,2269
"2018-10-20 00:00:00",8491,2545
"2018-10-21 00:00:00",8894,1759
"2018-10-22 00:00:00",7479,3387
"2018-10-23 00:00:00",7664,2210
"2018-10-24 00:00:00",7500,2444
"2018-10-25 00:00:00",7018,2414
"2018-10-26 00:00:00",6868,2102
"2018-10-27 00:00:00",8252,2085
"2018-10-28 00:00:00",8979,1333
"2018-10-29 00:00:00",7508,3222
"2018-10-30 00:00:00",7492,1888
"2018-10-31 00:00:00",7477,2249
"2018-11-01 00:00:00",7050,1692
"2018-11-02 00:00:00",6946,1643
"2018-11-03 00:00:00",7762,2473
"2018-11-04 00:00:00",8261,1922
"2018-11-05 00:00:00",6794,3292
"2018-11-06 00:00:00",7531,2284
"2018-11-07 00:00:00",7066,2612
"2018-11-08 00:00:00",6745,2152
"2018-11-09 00:00:00",6782,1835
"2018-11-10 00:00:00",8050,1548
"2018-11-11 00:00:00",8396,1568
"2018-11-12 00:00:00",7124,3324
"2018-11-13 00:00:00",6993,1871
"2018-11-14 00:00:00",6760,2197
"2018-11-15 00:00:00",6616,1198
"2018-11-16 00:00:00",7479,89106
"2018-11-17 00:00:00",9106,51104
"2018-11-18 00:00:00",9700,57919
"2018-11-19 00:00:00",8319,3877
"2018-11-20 00:00:00",8455,3192
"2018-11-21 00:00:00",8151,2911
"2018-11-22 00:00:00",8220,2504
"2018-11-23 00:00:00",8638,1969
"2018-11-24 00:00:00",9540,5466
"2018-11-25 00:00:00",10323,2391
"2018-11-26 00:00:00",8840,3276
"2018-11-27 00:00:00",8299,2563
"2018-11-28 00:00:00",8608,4200
"2018-11-29 00:00:00",7922,4353
"2018-11-30 00:00:00",8048,2611
"2018-12-01 00:00:00",9534,3248
"2018-12-02 00:00:00",10121,2387
"2018-12-03 00:00:00",8730,3831
"2018-12-04 00:00:00",8130,2797
"2018-12-05 00:00:00",8375,3120
"2018-12-06 00:00:00",7849,2317
"2018-12-07 00:00:00",7360,1917
"2018-12-08 00:00:00",8521,2092
"2018-12-09 00:00:00",9153,3466
"2018-12-10 00:00:00",7846,3377
"2018-12-11 00:00:00",7467,2215
"2018-12-12 00:00:00",7398,2535
"2018-12-13 00:00:00",7011,2268
"2018-12-14 00:00:00",7121,3867
"2018-12-15 00:00:00",8472,2586
"2018-12-16 00:00:00",9160,1997
"2018-12-17 00:00:00",8088,2901
"2018-12-18 00:00:00",7954,2117
"2018-12-19 00:00:00",7982,2653
"2018-12-20 00:00:00",7606,2248
"2018-12-21 00:00:00",7656,18836
"2018-12-22 00:00:00",8409,1844
"2018-12-23 00:00:00",8629,1778
"2018-12-24 00:00:00",7984,2466
"2018-12-25 00:00:00",7746,2488
"2018-12-26 00:00:00",8264,1769
"2018-12-27 00:00:00",8563,2032
"2018-12-28 00:00:00",8623,2105
"2018-12-29 00:00:00",9433,2041
"2018-12-30 00:00:00",10234,2212
"2018-12-31 00:00:00",9684,2130
"2019-01-01 00:00:00",10845,2365
"2019-01-02 00:00:00",10126,3122
"2019-01-03 00:00:00",9271,2856
"2019-01-04 00:00:00",9517,9042
"2019-01-05 00:00:00",11076,2822
"2019-01-06 00:00:00",11573,3943
"2019-01-07 00:00:00",10164,7366
"2019-01-08 00:00:00",9734,5653
"2019-01-09 00:00:00",11578,4250
"2019-01-10 00:00:00",11613,5178
"2019-01-11 00:00:00",11545,4440
"2019-01-12 00:00:00",13700,3226
"2019-01-13 00:00:00",14454,2491
"2019-01-14 00:00:00",12635,4260
"2019-01-15 00:00:00",14004,4297
"2019-01-16 00:00:00",13991,4771
"2019-01-17 00:00:00",12623,4196
"2019-01-18 00:00:00",12142,4208
"2019-01-19 00:00:00",14041,3697
"2019-01-20 00:00:00",14870,4123
"2019-01-21 00:00:00",12743,9404
"2019-01-22 00:00:00",11752,3839
"2019-01-23 00:00:00",11601,4377
"2019-01-24 00:00:00",10818,6357
"2019-01-25 00:00:00",9328,6424
"2019-01-26 00:00:00",11552,2962
"2019-01-27 00:00:00",12425,2250
"2019-01-28 00:00:00",10848,3687
"2019-01-29 00:00:00",9491,2527
"2019-01-30 00:00:00",9329,1852
"2019-01-31 00:00:00",9199,2218
"2019-02-01 00:00:00",9131,5799
"2019-02-02 00:00:00",11923,85900
"2019-02-03 00:00:00",13414,52853
"2019-02-04 00:00:00",11240,4160
"2019-02-05 00:00:00",11422,3494
"2019-02-06 00:00:00",11560,4052
"2019-02-07 00:00:00",11049,3099
"2019-02-08 00:00:00",11328,6994
"2019-02-09 00:00:00",14000,5989
"2019-02-10 00:00:00",14864,2955
"2019-02-11 00:00:00",12871,4342
"2019-02-12 00:00:00",13418,5354
"2019-02-13 00:00:00",12708,9007
"2019-02-14 00:00:00",11566,6677
"2019-02-15 00:00:00",11960,3310
"2019-02-16 00:00:00",14057,4230
"2019-02-17 00:00:00",14967,3121
"2019-02-18 00:00:00",13154,3802
"2019-02-19 00:00:00",12356,3430
"2019-02-20 00:00:00",11969,10909
"2019-02-21 00:00:00",11544,3944
"2019-02-22 00:00:00",12154,5541
"2019-02-23 00:00:00",14907,3639
"2019-02-24 00:00:00",15805,3351
"2019-02-25 00:00:00",13651,6587
"2019-02-26 00:00:00",12861,3418
"2019-02-27 00:00:00",12745,3677
"2019-02-28 00:00:00",12257,7355
"2019-03-01 00:00:00",12892,3594
"2019-03-02 00:00:00",15508,3406
"2019-03-03 00:00:00",16638,3600
"2019-03-04 00:00:00",14179,4178
"2019-03-05 00:00:00",13190,5013
"2019-03-06 00:00:00",12703,13494
"2019-03-07 00:00:00",12205,3936
"2019-03-08 00:00:00",11899,4129
"2019-03-09 00:00:00",14559,4230
"2019-03-10 00:00:00",15716,4105
"2019-03-11 00:00:00",13320,4167
"2019-03-12 00:00:00",12544,3982
"2019-03-13 00:00:00",12068,4751
"2019-03-14 00:00:00",11984,4099
"2019-03-15 00:00:00",12053,4129
"2019-03-16 00:00:00",14081,4348
"2019-03-17 00:00:00",14822,3262
"2019-03-18 00:00:00",12410,3802
"2019-03-19 00:00:00",12037,4948
"2019-03-20 00:00:00",11626,5248
"2019-03-21 00:00:00",11371,4302
"2019-03-22 00:00:00",11361,6255
"2019-03-23 00:00:00",14242,134069
"2019-03-24 00:00:00",15686,59131
"2019-03-25 00:00:00",13168,5894
"2019-03-26 00:00:00",11809,7156
"2019-03-27 00:00:00",12344,6064
"2019-03-28 00:00:00",12388,4403
"2019-03-29 00:00:00",12344,7574
"2019-03-30 00:00:00",14653,6860
"2019-03-31 00:00:00",15486,5393
"2019-04-01 00:00:00",12734,6688
"2019-04-02 00:00:00",12727,10806
"2019-04-03 00:00:00",12383,8184
"2019-04-04 00:00:00",12205,5208
"2019-04-05 00:00:00",12469,7978
"2019-04-06 00:00:00",14793,4811
"2019-04-07 00:00:00",15635,8021
"2019-04-08 00:00:00",12480,4728
"2019-04-09 00:00:00",13212,3914
"2019-04-10 00:00:00",12622,18471
"2019-04-11 00:00:00",12499,4491
"2019-04-12 00:00:00",13082,6377
"2019-04-13 00:00:00",15557,4063
"2019-04-14 00:00:00",16820,4814
"2019-04-15 00:00:00",13578,4276
"2019-04-16 00:00:00",15568,9476
"2019-04-17 00:00:00",14770,6493
"2019-04-18 00:00:00",13524,4066
"2019-04-19 00:00:00",14995,5422
"2019-04-20 00:00:00",15919,4764
"2019-04-21 00:00:00",16447,3878
"2019-04-22 00:00:00",14482,4834
"2019-04-23 00:00:00",8603,9898
"2019-04-24 00:00:00",12769,5419
"2019-04-25 00:00:00",12853,6411
"2019-04-26 00:00:00",13157,5127
"2019-04-27 00:00:00",15632,8454
"2019-04-28 00:00:00",16616,8770
"2019-04-29 00:00:00",13661,6608
"2019-04-30 00:00:00",13495,5153
"2019-05-01 00:00:00",13552,7430
"2019-05-02 00:00:00",13162,6596
"2019-05-03 00:00:00",13741,5425
"2019-05-04 00:00:00",16435,5616
"2019-05-05 00:00:00",17509,6555
"2019-05-06 00:00:00",14599,6787
"2019-05-07 00:00:00",13862,9458
"2019-05-08 00:00:00",13578,12524
"2019-05-09 00:00:00",13335,6595
"2019-05-10 00:00:00",13727,9086
"2019-05-11 00:00:00",16166,5418
"2019-05-12 00:00:00",16731,9006
"2019-05-13 00:00:00",13693,6635
"2019-05-14 00:00:00",14108,5689
"2019-05-15 00:00:00",13650,6523
"2019-05-16 00:00:00",13069,6648
"2019-05-17 00:00:00",13334,7395
"2019-05-18 00:00:00",15558,5191
"2019-05-19 00:00:00",16906,6041
"2019-05-20 00:00:00",13840,5206
"2019-05-21 00:00:00",13264,5444
"2019-05-22 00:00:00",13160,8798
"2019-05-23 00:00:00",13011,90878
"2019-05-24 00:00:00",14518,81939
"2019-05-25 00:00:00",17627,5458
"2019-05-26 00:00:00",18668,5586
"2019-05-27 00:00:00",18486,5916
"2019-05-28 00:00:00",16061,5604
"2019-05-29 00:00:00",15588,6980
"2019-05-30 00:00:00",16324,16616
"2019-05-31 00:00:00",16100,8146
"2019-06-01 00:00:00",19255,6951
"2019-06-02 00:00:00",20642,7802
"2019-06-03 00:00:00",17346,17627
"2019-06-04 00:00:00",16268,6925
"2019-06-05 00:00:00",15860,6668
"2019-06-06 00:00:00",15446,6098
"2019-06-07 00:00:00",15789,7468
"2019-06-08 00:00:00",18411,6715
"2019-06-09 00:00:00",19633,7724
"2019-06-10 00:00:00",16862,8041
"2019-06-11 00:00:00",15395,5564
"2019-06-12 00:00:00",15279,6137
"2019-06-13 00:00:00",15388,5223
"2019-06-14 00:00:00",15699,61713
"2019-06-15 00:00:00",19306,62291
"2019-06-16 00:00:00",20085,17857
"2019-06-17 00:00:00",17165,6725
"2019-06-18 00:00:00",16926,7288
"2019-06-19 00:00:00",16653,7403
"2019-06-20 00:00:00",16581,5811
"2019-06-21 00:00:00",16260,8202
"2019-06-22 00:00:00",19946,7754
"2019-06-23 00:00:00",21341,7112
"2019-06-24 00:00:00",18638,8977
"2019-06-25 00:00:00",17924,6482
"2019-06-26 00:00:00",17365,8313
"2019-06-27 00:00:00",17650,15520
"2019-06-28 00:00:00",35077,31253
"2019-06-29 00:00:00",39311,20447
"2019-06-30 00:00:00",41200,13795
"2019-07-01 00:00:00",35597,14434
"2019-07-02 00:00:00",33878,17255
"2019-07-03 00:00:00",33128,16831
"2019-07-04 00:00:00",37712,12159
"2019-07-05 00:00:00",34301,13915
"2019-07-06 00:00:00",37069,14227
"2019-07-07 00:00:00",39001,13986
"2019-07-08 00:00:00",33271,11014
"2019-07-09 00:00:00",30792,13171
"2019-07-10 00:00:00",30170,14190
"2019-07-11 00:00:00",29402,10584
"2019-07-12 00:00:00",29461,9483
"2019-07-13 00:00:00",34804,7968
"2019-07-14 00:00:00",37475,8623
"2019-07-15 00:00:00",31935,12884
"2019-07-16 00:00:00",32194,12262
"2019-07-17 00:00:00",31590,12383
"2019-07-18 00:00:00",29025,10347
"2019-07-19 00:00:00",28555,8466
"2019-07-20 00:00:00",33178,7422
"2019-07-21 00:00:00",35033,6766
"2019-07-22 00:00:00",29713,8248
"2019-07-23 00:00:00",27814,11185
"2019-07-24 00:00:00",28009,14589
"2019-07-25 00:00:00",26553,7896
"2019-07-26 00:00:00",25315,7114
"2019-07-27 00:00:00",28957,8205
"2019-07-28 00:00:00",30660,5890
"2019-07-29 00:00:00",25831,8009
"2019-07-30 00:00:00",28236,23624
"2019-07-31 00:00:00",27778,19208
"2019-08-01 00:00:00",25836,12662
"2019-08-02 00:00:00",24770,9803
"2019-08-03 00:00:00",28614,9504
"2019-08-04 00:00:00",30439,8358
"2019-08-05 00:00:00",25692,7757
"2019-08-06 00:00:00",24627,8649
"2019-08-07 00:00:00",24695,27189
"2019-08-08 00:00:00",24503,7840
"2019-08-09 00:00:00",23500,7746
"2019-08-10 00:00:00",26928,16511
"2019-08-11 00:00:00",28778,6467
"2019-08-12 00:00:00",24653,7751
"2019-08-13 00:00:00",23257,7123
"2019-08-14 00:00:00",23413,8800
"2019-08-15 00:00:00",20621,6448
"2019-08-16 00:00:00",21145,9088
"2019-08-17 00:00:00",24425,8249
"2019-08-18 00:00:00",25965,7184
"2019-08-19 00:00:00",21827,6499
"2019-08-20 00:00:00",20270,8061
"2019-08-21 00:00:00",20808,11127
"2019-08-22 00:00:00",19343,9557
"2019-08-23 00:00:00",18899,9118
"2019-08-24 00:00:00",21618,8183
"2019-08-25 00:00:00",23039,5037
"2019-08-26 00:00:00",19619,5649
"2019-08-27 00:00:00",18098,4782
"2019-08-28 00:00:00",18511,6120
"2019-08-29 00:00:00",17763,5272
"2019-08-30 00:00:00",17962,4708
"2019-08-31 00:00:00",20506,5554
"2019-09-01 00:00:00",21417,11748
"2019-09-02 00:00:00",21736,5056
"2019-09-03 00:00:00",18720,5514
"2019-09-04 00:00:00",18111,8504
"2019-09-05 00:00:00",16638,6752
"2019-09-06 00:00:00",16246,6004
"2019-09-07 00:00:00",18746,4719
"2019-09-08 00:00:00",19779,6805
"2019-09-09 00:00:00",16683,3775
"2019-09-10 00:00:00",15391,4743
"2019-09-11 00:00:00",16076,6096
"2019-09-12 00:00:00",14876,5910
"2019-09-13 00:00:00",14013,4558
"2019-09-14 00:00:00",16089,2832
"2019-09-15 00:00:00",17714,63485
"2019-09-16 00:00:00",14545,4707
"2019-09-17 00:00:00",13980,4033
"2019-09-18 00:00:00",14677,4846
"2019-09-19 00:00:00",13547,3915
"2019-09-20 00:00:00",12996,5483
"2019-09-21 00:00:00",15375,4558
"2019-09-22 00:00:00",16738,5329
"2019-09-23 00:00:00",13869,4336
"2019-09-24 00:00:00",13479,4182
"2019-09-25 00:00:00",13898,4834
"2019-09-26 00:00:00",13128,4542
"2019-09-27 00:00:00",12360,3716
"2019-09-28 00:00:00",14549,5848
"2019-09-29 00:00:00",15280,3986
"2019-09-30 00:00:00",12788,2970
"2019-10-01 00:00:00",12702,4065
"2019-10-02 00:00:00",13095,4198
"2019-10-03 00:00:00",12478,4421
"2019-10-04 00:00:00",11982,4379
"2019-10-05 00:00:00",14369,3771
"2019-10-06 00:00:00",15259,4093
"2019-10-07 00:00:00",12772,3661
"2019-10-08 00:00:00",12309,5623
"2019-10-09 00:00:00",12870,5667
"2019-10-10 00:00:00",11835,3580
"2019-10-11 00:00:00",12038,2887
"2019-10-12 00:00:00",14238,2922
"2019-10-13 00:00:00",15202,2957
"2019-10-14 00:00:00",12596,2789
"2019-10-15 00:00:00",12221,2899
"2019-10-16 00:00:00",12666,3332
"2019-10-17 00:00:00",11897,2559
"2019-10-18 00:00:00",12156,34103
"2019-10-19 00:00:00",14877,4550
"2019-10-20 00:00:00",15801,2849
"2019-10-21 00:00:00",13278,3907
"2019-10-22 00:00:00",12620,5990
"2019-10-23 00:00:00",13112,4275
"2019-10-24 00:00:00",12438,3289
"2019-10-25 00:00:00",12060,3166
"2019-10-26 00:00:00",14509,3336
"2019-10-27 00:00:00",15856,4075
"2019-10-28 00:00:00",13886,4044
"2019-10-29 00:00:00",14716,12500
"2019-10-30 00:00:00",17111,8154
"2019-10-31 00:00:00",17364,4981
"2019-11-01 00:00:00",16254,4785
"2019-11-02 00:00:00",18914,11976
"2019-11-03 00:00:00",19956,4788
"2019-11-04 00:00:00",17202,4220
"2019-11-05 00:00:00",16010,5386
"2019-11-06 00:00:00",16745,6317
"2019-11-07 00:00:00",15457,4918
"2019-11-08 00:00:00",15408,4145
"2019-11-09 00:00:00",17989,3773
"2019-11-10 00:00:00",18327,3918
"2019-11-11 00:00:00",16103,4286
"2019-11-12 00:00:00",15271,34624
"2019-11-13 00:00:00",15265,17189
"2019-11-14 00:00:00",15797,15632
"2019-11-15 00:00:00",15213,13505
"2019-11-16 00:00:00",17073,12147
"2019-11-17 00:00:00",17498,13007
"2019-11-18 00:00:00",15151,17009
"2019-11-19 00:00:00",14034,15117
"2019-11-20 00:00:00",14796,12487
"2019-11-21 00:00:00",13814,7867
"2019-11-22 00:00:00",13604,7408
"2019-11-23 00:00:00",15731,8276
"2019-11-24 00:00:00",16280,7053
"2019-11-25 00:00:00",14048,4993
"2019-11-26 00:00:00",13230,10982
"2019-11-27 00:00:00",13734,7824
"2019-11-28 00:00:00",12580,4944
"2019-11-29 00:00:00",13374,8908
"2019-11-30 00:00:00",14525,5782
"2019-12-01 00:00:00",15424,6402
"2019-12-02 00:00:00",13488,6663
"2019-12-03 00:00:00",12377,6620
"2019-12-04 00:00:00",11718,4972
"2019-12-05 00:00:00",11599,6521
"2019-12-06 00:00:00",11754,6316
"2019-12-07 00:00:00",13726,6782
"2019-12-08 00:00:00",14848,5574
"2019-12-09 00:00:00",12783,4147
"2019-12-10 00:00:00",13130,5621
"2019-12-11 00:00:00",13512,6264
"2019-12-12 00:00:00",12579,4929
"2019-12-13 00:00:00",12038,5499
"2019-12-14 00:00:00",14925,30221
"2019-12-15 00:00:00",15931,4530
"2019-12-16 00:00:00",14147,3935
"2019-12-17 00:00:00",13472,4770
"2019-12-18 00:00:00",13724,5814
"2019-12-19 00:00:00",13099,3551
"2019-12-20 00:00:00",12525,4117
"2019-12-21 00:00:00",13623,4896
"2019-12-22 00:00:00",14153,4251
"2019-12-23 00:00:00",13063,5275
"2019-12-24 00:00:00",11968,4802
"2019-12-25 00:00:00",10917,2494
"2019-12-26 00:00:00",12174,4537
"2019-12-27 00:00:00",12847,6831
"2019-12-28 00:00:00",14296,6223
"2019-12-29 00:00:00",15473,7417
"2019-12-30 00:00:00",14547,4908
"2019-12-31 00:00:00",14156,3176
"2020-01-01 00:00:00",16093,3123
"2020-01-02 00:00:00",15146,5503
"2020-01-03 00:00:00",14603,4179
"2020-01-04 00:00:00",16492,4821
"2020-01-05 00:00:00",17465,5820
"2020-01-06 00:00:00",15905,3287
"2020-01-07 00:00:00",14319,2352
"2020-01-08 00:00:00",14739,4878
"2020-01-09 00:00:00",14256,5974
"2020-01-10 00:00:00",13569,4130
"2020-01-11 00:00:00",16302,5740
"2020-01-12 00:00:00",17063,6022
"2020-01-13 00:00:00",14886,9260
"2020-01-14 00:00:00",13670,6396
"2020-01-15 00:00:00",13786,5517
"2020-01-16 00:00:00",13090,7134
"2020-01-17 00:00:00",13044,3603
"2020-01-18 00:00:00",15797,6304
"2020-01-19 00:00:00",16043,6003
"2020-01-20 00:00:00",14543,4313
"2020-01-21 00:00:00",13990,6409
"2020-01-22 00:00:00",13645,7560
"2020-01-23 00:00:00",13060,6322
"2020-01-24 00:00:00",12785,5084
"2020-01-25 00:00:00",15466,7768
"2020-01-26 00:00:00",16249,6704
"2020-01-27 00:00:00",14083,6098
"2020-01-28 00:00:00",12980,7711
"2020-01-29 00:00:00",13103,6257
"2020-01-30 00:00:00",13540,5074
"2020-01-31 00:00:00",13225,7198
"2020-02-01 00:00:00",16074,7760
"2020-02-02 00:00:00",16731,5932
"2020-02-03 00:00:00",14074,8047
"2020-02-04 00:00:00",13695,5670
"2020-02-05 00:00:00",14124,7150
"2020-02-06 00:00:00",13750,35304
"2020-02-07 00:00:00",14448,4508
"2020-02-08 00:00:00",17520,6059
"2020-02-09 00:00:00",18663,5382
"2020-02-10 00:00:00",16357,5632
"2020-02-11 00:00:00",15097,3707
"2020-02-12 00:00:00",14688,4273
"2020-02-13 00:00:00",14492,3504
"2020-02-14 00:00:00",14411,4484
"2020-02-15 00:00:00",18007,3477
"2020-02-16 00:00:00",19368,4036
"2020-02-17 00:00:00",16974,5151
"2020-02-18 00:00:00",15951,21679
"2020-02-19 00:00:00",20285,15605
"2020-02-20 00:00:00",20880,11913
"2020-02-21 00:00:00",20676,7207
"2020-02-22 00:00:00",24509,19120
"2020-02-23 00:00:00",25661,6989
"2020-02-24 00:00:00",22632,6787
"2020-02-25 00:00:00",20633,6543
"2020-02-26 00:00:00",20831,6268
"2020-02-27 00:00:00",19556,4924
"2020-02-28 00:00:00",19098,4641
"2020-02-29 00:00:00",22357,4298
"2020-03-01 00:00:00",23492,11307
"2020-03-02 00:00:00",20251,4346
"2020-03-03 00:00:00",19032,8075
"2020-03-04 00:00:00",19218,5624
"2020-03-05 00:00:00",18501,4304
"2020-03-06 00:00:00",18122,4585
"2020-03-07 00:00:00",21720,4032
"2020-03-08 00:00:00",23117,4155
"2020-03-09 00:00:00",20132,4079
"2020-03-10 00:00:00",18491,4075
"2020-03-11 00:00:00",17902,4082
"2020-03-12 00:00:00",18140,3692
"2020-03-13 00:00:00",18420,5959
"2020-03-14 00:00:00",21697,4357
"2020-03-15 00:00:00",22871,3390
"2020-03-16 00:00:00",20317,5659
"2020-03-17 00:00:00",20988,4607
"2020-03-18 00:00:00",20489,11385
"2020-03-19 00:00:00",19972,3986
"2020-03-20 00:00:00",19422,4792
"2020-03-21 00:00:00",21185,8276
"2020-03-22 00:00:00",21951,5022
"2020-03-23 00:00:00",19235,3439
"2020-03-24 00:00:00",19943,5107
"2020-03-25 00:00:00",19240,15619
"2020-03-26 00:00:00",19430,3096
"2020-03-27 00:00:00",20065,5555
"2020-03-28 00:00:00",22045,5624
"2020-03-29 00:00:00",21849,10329
"2020-03-30 00:00:00",19360,6469
"2020-03-31 00:00:00",19990,7754
"2020-04-01 00:00:00",19127,10685
"2020-04-02 00:00:00",19456,6704
"2020-04-03 00:00:00",19567,4680
"2020-04-04 00:00:00",22690,3691
"2020-04-05 00:00:00",23318,5928
"2020-04-06 00:00:00",20283,3867
"2020-04-07 00:00:00",26358,5860
"2020-04-08 00:00:00",24572,14396
"2020-04-09 00:00:00",22921,3886
"2020-04-10 00:00:00",22651,5440
"2020-04-11 00:00:00",24250,3076
"2020-04-12 00:00:00",24984,4927
"2020-04-13 00:00:00",21864,3806
"2020-04-14 00:00:00",22197,12821
"2020-04-15 00:00:00",21580,5685
"2020-04-16 00:00:00",21693,15965
"2020-04-17 00:00:00",22322,5470
"2020-04-18 00:00:00",25633,3654
"2020-04-19 00:00:00",25737,3826
"2020-04-20 00:00:00",22326,6276
"2020-04-21 00:00:00",23588,4217
"2020-04-22 00:00:00",22325,4901
"2020-04-23 00:00:00",21907,3500
"2020-04-24 00:00:00",22845,32358
"2020-04-25 00:00:00",25980,5193
"2020-04-26 00:00:00",26373,4668
"2020-04-27 00:00:00",22796,4463
"2020-04-28 00:00:00",23657,4030
"2020-04-29 00:00:00",23023,5466
"2020-04-30 00:00:00",23060,6495
"2020-05-01 00:00:00",24306,4096
"2020-05-02 00:00:00",26356,6320
"2020-05-03 00:00:00",26889,3812
"2020-05-04 00:00:00",23391,5581
"2020-05-05 00:00:00",23691,5783
"2020-05-06 00:00:00",23284,9095
"2020-05-07 00:00:00",22823,5213
"2020-05-08 00:00:00",23384,5274
"2020-05-09 00:00:00",26397,4193
"2020-05-10 00:00:00",25591,4263
"2020-05-11 00:00:00",23230,5646
"2020-05-12 00:00:00",23979,4909
"2020-05-13 00:00:00",23339,5317
"2020-05-14 00:00:00",22593,4602
"2020-05-15 00:00:00",23022,4262
"2020-05-16 00:00:00",24764,4064
"2020-05-17 00:00:00",25772,4861
"2020-05-18 00:00:00",23774,5808
"2020-05-19 00:00:00",23756,4705
"2020-05-20 00:00:00",23471,5819
"2020-05-21 00:00:00",22607,4458
"2020-05-22 00:00:00",23254,4286
"2020-05-23 00:00:00",25676,4806
"2020-05-24 00:00:00",26082,4729
"2020-05-25 00:00:00",25217,4599
"2020-05-26 00:00:00",23160,5387
"2020-05-27 00:00:00",23012,5506
"2020-05-28 00:00:00",21585,4433
"2020-05-29 00:00:00",21721,7283
"2020-05-30 00:00:00",24575,5370
"2020-05-31 00:00:00",25341,11987
"2020-06-01 00:00:00",22498,6748
"2020-06-02 00:00:00",21235,5309
"2020-06-03 00:00:00",21461,4442
"2020-06-04 00:00:00",20776,3823
"2020-06-05 00:00:00",20792,4896
"2020-06-06 00:00:00",23853,3698
"2020-06-07 00:00:00",24485,4669
"2020-06-08 00:00:00",21301,6009
"2020-06-09 00:00:00",20992,6506
"2020-06-10 00:00:00",20762,5545
"2020-06-11 00:00:00",19969,5343
"2020-06-12 00:00:00",19773,6214
"2020-06-13 00:00:00",21881,6222
"2020-06-14 00:00:00",22764,4608
"2020-06-15 00:00:00",19985,4777
"2020-06-16 00:00:00",19808,4348
"2020-06-17 00:00:00",19592,5236
"2020-06-18 00:00:00",18822,3749
"2020-06-19 00:00:00",18720,5368
"2020-06-20 00:00:00",20595,15265
"2020-06-21 00:00:00",20916,5132
"2020-06-22 00:00:00",18438,4287
"2020-06-23 00:00:00",18674,13354
"2020-06-24 00:00:00",18830,6358
"2020-06-25 00:00:00",18092,4130
"2020-06-26 00:00:00",18084,5078
"2020-06-27 00:00:00",21007,5021
"2020-06-28 00:00:00",21846,4727
"2020-06-29 00:00:00",19244,4966
"2020-06-30 00:00:00",19384,4752
"2020-07-01 00:00:00",19687,8476
"2020-07-02 00:00:00",19269,4084
"2020-07-03 00:00:00",20723,4492
"2020-07-04 00:00:00",21318,4822
"2020-07-05 00:00:00",22850,5258
"2020-07-06 00:00:00",20506,5065
"2020-07-07 00:00:00",20118,5769
"2020-07-08 00:00:00",20834,9711
"2020-07-09 00:00:00",19936,19530
"2020-07-10 00:00:00",19808,3623
"2020-07-11 00:00:00",22193,4107
"2020-07-12 00:00:00",22846,5750
"2020-07-13 00:00:00",20538,6153
"2020-07-14 00:00:00",19871,4932
"2020-07-15 00:00:00",20267,5729
"2020-07-16 00:00:00",19706,5123
"2020-07-17 00:00:00",20312,4981
"2020-07-18 00:00:00",22260,4867
"2020-07-19 00:00:00",23288,4711
"2020-07-20 00:00:00",20644,4640
"2020-07-21 00:00:00",20104,4286
"2020-07-22 00:00:00",20745,41650
"2020-07-23 00:00:00",21154,4099
"2020-07-24 00:00:00",20805,5412
"2020-07-25 00:00:00",23118,4557
"2020-07-26 00:00:00",24155,4950
"2020-07-27 00:00:00",21579,5220
"2020-07-28 00:00:00",21280,4751
"2020-07-29 00:00:00",22023,4807
"2020-07-30 00:00:00",21419,6116
"2020-07-31 00:00:00",21452,5135
"2020-08-01 00:00:00",23423,5209
"2020-08-02 00:00:00",24788,5108
"2020-08-03 00:00:00",22383,5607
"2020-08-04 00:00:00",21854,4948
"2020-08-05 00:00:00",21867,5058
"2020-08-06 00:00:00",20312,5136
"2020-08-07 00:00:00",21314,16293
"2020-08-08 00:00:00",23766,5881
"2020-08-09 00:00:00",25826,6723
"2020-08-10 00:00:00",23661,13573
"2020-08-11 00:00:00",27860,19206
"2020-08-12 00:00:00",31268,14593
"2020-08-13 00:00:00",31554,9569
"2020-08-14 00:00:00",30131,10423
"2020-08-15 00:00:00",33042,9723
"2020-08-16 00:00:00",34131,7442
"2020-08-17 00:00:00",30451,7949
"2020-08-18 00:00:00",29253,7160
"2020-08-19 00:00:00",30124,9742
"2020-08-20 00:00:00",30512,9909
"2020-08-21 00:00:00",29558,7817
"2020-08-22 00:00:00",32645,7663
"2020-08-23 00:00:00",33057,9263
"2020-08-24 00:00:00",29958,7238
"2020-08-25 00:00:00",29025,7453
"2020-08-26 00:00:00",30061,7601
"2020-08-27 00:00:00",28319,7583
"2020-08-28 00:00:00",28127,7130
"2020-08-29 00:00:00",31106,5928
"2020-08-30 00:00:00",31779,6011
"2020-08-31 00:00:00",28634,5806
"2020-09-01 00:00:00",26989,6446
"2020-09-02 00:00:00",27912,5964
"2020-09-03 00:00:00",26821,5694
"2020-09-04 00:00:00",26015,7248
"2020-09-05 00:00:00",28920,6875
"2020-09-06 00:00:00",29510,7810
"2020-09-07 00:00:00",30188,6081
"2020-09-08 00:00:00",27649,6014
"2020-09-09 00:00:00",28331,6349
"2020-09-10 00:00:00",26789,5659
"2020-09-11 00:00:00",26057,7900
"2020-09-12 00:00:00",29055,6056
"2020-09-13 00:00:00",29648,6816
"2020-09-14 00:00:00",26605,6744
"2020-09-15 00:00:00",25378,29739
"2020-09-16 00:00:00",25672,27547
"2020-09-17 00:00:00",24417,22063
"2020-09-18 00:00:00",23854,5340
"2020-09-19 00:00:00",25732,6421
"2020-09-20 00:00:00",26378,6634
"2020-09-21 00:00:00",23681,18659
"2020-09-22 00:00:00",23116,30134
"2020-09-23 00:00:00",23170,7770
"2020-09-24 00:00:00",22138,6592
"2020-09-25 00:00:00",21764,5318
"2020-09-26 00:00:00",24374,7600
"2020-09-27 00:00:00",24977,6529
"2020-09-28 00:00:00",22292,4640
"2020-09-29 00:00:00",20383,6337
"2020-09-30 00:00:00",20604,4278
"2020-10-01 00:00:00",19116,4373
"2020-10-02 00:00:00",18755,4991
"2020-10-03 00:00:00",20793,5904
"2020-10-04 00:00:00",21261,4711
"2020-10-05 00:00:00",19019,4064
"2020-10-06 00:00:00",18162,4518
"2020-10-07 00:00:00",18427,5467
"2020-10-08 00:00:00",17672,5455
"2020-10-09 00:00:00",17587,31580
"2020-10-10 00:00:00",20104,4394
"2020-10-11 00:00:00",20952,11065
"2020-10-12 00:00:00",18784,6082
"2020-10-13 00:00:00",26315,9869
"2020-10-14 00:00:00",25269,7938
"2020-10-15 00:00:00",22852,5687
"2020-10-16 00:00:00",21748,5945
"2020-10-17 00:00:00",23809,5300
"2020-10-18 00:00:00",23918,5882
"2020-10-19 00:00:00",21422,5833
"2020-10-20 00:00:00",20509,7597
"2020-10-21 00:00:00",20342,4742
"2020-10-22 00:00:00",20649,5256
"2020-10-23 00:00:00",19611,3985
"2020-10-24 00:00:00",22032,22562
"2020-10-25 00:00:00",22994,10906
"2020-10-26 00:00:00",20877,4832
"2020-10-27 00:00:00",19322,8214
"2020-10-28 00:00:00",19568,5236
"2020-10-29 00:00:00",18704,3793
"2020-10-30 00:00:00",18188,4686
"2020-10-31 00:00:00",19598,4609
"2020-11-01 00:00:00",20458,4072
"2020-11-02 00:00:00",18488,4075
"2020-11-03 00:00:00",17843,4772
"2020-11-04 00:00:00",17834,3089
"2020-11-05 00:00:00",17128,3610
"2020-11-06 00:00:00",16982,6899
"2020-11-07 00:00:00",19578,4646
"2020-11-08 00:00:00",19563,4563
"2020-11-09 00:00:00",17805,3653
"2020-11-10 00:00:00",16423,3049
"2020-11-11 00:00:00",16317,5463
"2020-11-12 00:00:00",15623,4040
"2020-11-13 00:00:00",15439,5529
"2020-11-14 00:00:00",17697,12481
"2020-11-15 00:00:00",17881,7760
"2020-11-16 00:00:00",15955,4460
"2020-11-17 00:00:00",15321,2848
"2020-11-18 00:00:00",15687,3812
"2020-11-19 00:00:00",15243,4796
"2020-11-20 00:00:00",15574,5666
"2020-11-21 00:00:00",17485,6893
"2020-11-22 00:00:00",17918,4650
"2020-11-23 00:00:00",16181,5934
"2020-11-24 00:00:00",14812,4964
"2020-11-25 00:00:00",15176,3745
"2020-11-26 00:00:00",14750,4364
"2020-11-27 00:00:00",16958,37028
"2020-11-28 00:00:00",18322,5387
"2020-11-29 00:00:00",18324,3437
"2020-11-30 00:00:00",16756,4144
"2020-12-01 00:00:00",16093,5196
"2020-12-02 00:00:00",16615,3383
"2020-12-03 00:00:00",16233,5924
"2020-12-04 00:00:00",16426,5080
"2020-12-05 00:00:00",19403,6511
"2020-12-06 00:00:00",20097,6013
"2020-12-07 00:00:00",18570,11903
"2020-12-08 00:00:00",21165,29351
"2020-12-09 00:00:00",23768,24406
"2020-12-10 00:00:00",22420,15927
"2020-12-11 00:00:00",20416,8837
"2020-12-12 00:00:00",23504,8257
"2020-12-13 00:00:00",23435,11534
"2020-12-14 00:00:00",21350,6935
"2020-12-15 00:00:00",21958,5900
"2020-12-16 00:00:00",22179,7283
"2020-12-17 00:00:00",21162,8957
"2020-12-18 00:00:00",20520,7727
"2020-12-19 00:00:00",22101,6268
"2020-12-20 00:00:00",22576,6030
"2020-12-21 00:00:00",21103,5331
"2020-12-22 00:00:00",20610,5772
"2020-12-23 00:00:00",21390,7853
"2020-12-24 00:00:00",19731,5738
"2020-12-25 00:00:00",17418,3833
"2020-12-26 00:00:00",20829,4419
"2020-12-27 00:00:00",22235,8357
"2020-12-28 00:00:00",21528,7308
"2020-12-29 00:00:00",22022,7037
"2020-12-30 00:00:00",22962,7414
"2020-12-31 00:00:00",22444,7120
"2021-01-01 00:00:00",23152,7672
"2021-01-02 00:00:00",23901,6301
"2021-01-03 00:00:00",23950,7052
"2021-01-04 00:00:00",22327,4881
"2021-01-05 00:00:00",21777,6805
"2021-01-06 00:00:00",22968,7575
"2021-01-07 00:00:00",21837,6368
"2021-01-08 00:00:00",21646,6682
"2021-01-09 00:00:00",23924,15736
"2021-01-10 00:00:00",24245,5931
"2021-01-11 00:00:00",22223,5952
"2021-01-12 00:00:00",22872,5474
"2021-01-13 00:00:00",23798,7601
"2021-01-14 00:00:00",22846,6133
"2021-01-15 00:00:00",22483,8602
"2021-01-16 00:00:00",24726,13195
"2021-01-17 00:00:00",24853,8894
"2021-01-18 00:00:00",22688,6792
"2021-01-19 00:00:00",22085,5170
"2021-01-20 00:00:00",23175,9279
"2021-01-21 00:00:00",21948,5991
"2021-01-22 00:00:00",22145,6808
"2021-01-23 00:00:00",25000,6710
"2021-01-24 00:00:00",24831,6198
"2021-01-25 00:00:00",22435,4479
"2021-01-26 00:00:00",21849,7693
"2021-01-27 00:00:00",22798,7351
"2021-01-28 00:00:00",21929,5382
"2021-01-29 00:00:00",21474,10147
"2021-01-30 00:00:00",24383,6286
"2021-01-31 00:00:00",25059,8137
"2021-02-01 00:00:00",22399,8468
"2021-02-02 00:00:00",26186,15671
"2021-02-03 00:00:00",25904,15517
"2021-02-04 00:00:00",24072,23591
"2021-02-05 00:00:00",23905,18261
"2021-02-06 00:00:00",30680,149220
"2021-02-07 00:00:00",31243,13998
"2021-02-08 00:00:00",27552,10648
"2021-02-09 00:00:00",26010,6108
"2021-02-10 00:00:00",26969,7742
"2021-02-11 00:00:00",26403,6554
"2021-02-12 00:00:00",25293,10961
"2021-02-13 00:00:00",29002,8790
"2021-02-14 00:00:00",28597,9256
"2021-02-15 00:00:00",26006,6051
"2021-02-16 00:00:00",25920,7618
"2021-02-17 00:00:00",25454,6594
"2021-02-18 00:00:00",24635,7324
"2021-02-19 00:00:00",25196,10807
"2021-02-20 00:00:00",28245,9024
"2021-02-21 00:00:00",28660,6337
"2021-02-22 00:00:00",25738,6915
"2021-02-23 00:00:00",24203,5551
"2021-02-24 00:00:00",24502,6696
"2021-02-25 00:00:00",23618,6911
"2021-02-26 00:00:00",22839,6713
"2021-02-27 00:00:00",26154,6832
"2021-02-28 00:00:00",26629,7742
"2021-03-01 00:00:00",23689,7795
"2021-03-02 00:00:00",22600,5944
"2021-03-03 00:00:00",23118,32594
"2021-03-04 00:00:00",22461,5535
"2021-03-05 00:00:00",22164,6159
"2021-03-06 00:00:00",25758,6487
"2021-03-07 00:00:00",26201,11968
"2021-03-08 00:00:00",23163,8138
"2021-03-09 00:00:00",22174,5860
"2021-03-10 00:00:00",23295,8442
"2021-03-11 00:00:00",22346,5809
"2021-03-12 00:00:00",22136,6713
"2021-03-13 00:00:00",25463,11398
"2021-03-14 00:00:00",26609,11857
"2021-03-15 00:00:00",24082,7511
"2021-03-16 00:00:00",24475,6209
"2021-03-17 00:00:00",24970,6070
"2021-03-18 00:00:00",23536,9639
"2021-03-19 00:00:00",23493,6449
"2021-03-20 00:00:00",26390,11585
"2021-03-21 00:00:00",27376,13523
"2021-03-22 00:00:00",24499,5661
"2021-03-23 00:00:00",23102,7796
"2021-03-24 00:00:00",23862,30305
"2021-03-25 00:00:00",23159,5137
"2021-03-26 00:00:00",22610,5155
"2021-03-27 00:00:00",25031,5199
"2021-03-28 00:00:00",25387,7336
"2021-03-29 00:00:00",22212,5346
"2021-03-30 00:00:00",21147,29371
"2021-03-31 00:00:00",22013,10424
"2021-04-01 00:00:00",20850,5738
"2021-04-02 00:00:00",22737,31505
"2021-04-03 00:00:00",24278,6429
"2021-04-04 00:00:00",24316,6786
"2021-04-05 00:00:00",22238,20302
"2021-04-06 00:00:00",21556,5560
"2021-04-07 00:00:00",22046,6344
"2021-04-08 00:00:00",21592,5514
"2021-04-09 00:00:00",21912,8245
"2021-04-10 00:00:00",25404,5788
"2021-04-11 00:00:00",26474,5811
"2021-04-12 00:00:00",23300,8733
"2021-04-13 00:00:00",22434,13027
"2021-04-14 00:00:00",27085,10770
"2021-04-15 00:00:00",27455,6915
"2021-04-16 00:00:00",26946,7409
"2021-04-17 00:00:00",29860,8310
"2021-04-18 00:00:00",30181,5684
"2021-04-19 00:00:00",26276,9184
"2021-04-20 00:00:00",25845,6545
"2021-04-21 00:00:00",26618,7280
"2021-04-22 00:00:00",25273,6527
"2021-04-23 00:00:00",24608,6925
"2021-04-24 00:00:00",27208,7392
"2021-04-25 00:00:00",27707,5135
"2021-04-26 00:00:00",24474,6348
"2021-04-27 00:00:00",24267,10099
"2021-04-28 00:00:00",24906,7909
"2021-04-29 00:00:00",23329,7977
"2021-04-30 00:00:00",23057,7160
"2021-05-01 00:00:00",26065,6339
"2021-05-02 00:00:00",26921,5744
"2021-05-03 00:00:00",23990,9187
"2021-05-04 00:00:00",23376,6693
"2021-05-05 00:00:00",24223,6507
"2021-05-06 00:00:00",23177,5241
"2021-05-07 00:00:00",22710,5742
"2021-05-08 00:00:00",25332,5685
"2021-05-09 00:00:00",25028,26772
"2021-05-10 00:00:00",22120,5075
"2021-05-11 00:00:00",22957,6438
"2021-05-12 00:00:00",23758,12180
"2021-05-13 00:00:00",22803,13270
"2021-05-14 00:00:00",26102,13082
"2021-05-15 00:00:00",32324,144282
"2021-05-16 00:00:00",34763,58277
"2021-05-17 00:00:00",31056,12346
"2021-05-18 00:00:00",30212,9157
"2021-05-19 00:00:00",30785,12977
"2021-05-20 00:00:00",30080,12433
"2021-05-21 00:00:00",30883,28453
"2021-05-22 00:00:00",33278,8758
"2021-05-23 00:00:00",35749,8354
"2021-05-24 00:00:00",32336,13007
"2021-05-25 00:00:00",37376,13648
"2021-05-26 00:00:00",36314,10846
"2021-05-27 00:00:00",33241,10978
"2021-05-28 00:00:00",32342,8482
"2021-05-29 00:00:00",35771,9366
"2021-05-30 00:00:00",36439,8449
"2021-05-31 00:00:00",35410,7814
"2021-06-01 00:00:00",32733,7690
"2021-06-02 00:00:00",31713,7473
"2021-06-03 00:00:00",31181,11035
"2021-06-04 00:00:00",30407,7924
"2021-06-05 00:00:00",34596,7771
"2021-06-06 00:00:00",36289,8292
"2021-06-07 00:00:00",31698,10389
"2021-06-08 00:00:00",30692,8369
"2021-06-09 00:00:00",30528,9415
"2021-06-10 00:00:00",28460,8117
"2021-06-11 00:00:00",28440,10231
"2021-06-12 00:00:00",32369,8011
"2021-06-13 00:00:00",34527,9532
"2021-06-14 00:00:00",30794,19083
"2021-06-15 00:00:00",29554,11583
"2021-06-16 00:00:00",29495,8510
"2021-06-17 00:00:00",29561,11516
"2021-06-18 00:00:00",29614,11938
"2021-06-19 00:00:00",33458,12300
"2021-06-20 00:00:00",34567,11976
"2021-06-21 00:00:00",30058,28890
"2021-06-22 00:00:00",30965,12656
"2021-06-23 00:00:00",30948,10978
"2021-06-24 00:00:00",30504,41496
"2021-06-25 00:00:00",32033,33963
"2021-06-26 00:00:00",37137,14032
"2021-06-27 00:00:00",40067,18166
"2021-06-28 00:00:00",34853,26558
"2021-06-29 00:00:00",34076,14747
"2021-06-30 00:00:00",33415,11201
"2021-07-01 00:00:00",33080,27044
"2021-07-02 00:00:00",34578,32807
"2021-07-03 00:00:00",42068,221605
"2021-07-04 00:00:00",47542,199007
"2021-07-05 00:00:00",48697,68287
"2021-07-06 00:00:00",44888,130198
"2021-07-07 00:00:00",43129,124551
"2021-07-08 00:00:00",44846,130242
"2021-07-09 00:00:00",45299,125044
"2021-07-10 00:00:00",52919,119905
"2021-07-11 00:00:00",58046,162904
"2021-07-12 00:00:00",51799,125449
"2021-07-13 00:00:00",51996,125804
"2021-07-14 00:00:00",51553,115786
"2021-07-15 00:00:00",51433,123284
"2021-07-16 00:00:00",52536,45930
"2021-07-17 00:00:00",61375,105377
"2021-07-18 00:00:00",67148,140160
"2021-07-19 00:00:00",59484,69770
"2021-07-20 00:00:00",56920,61365
"2021-07-21 00:00:00",56174,49581
"2021-07-22 00:00:00",52136,116809
"2021-07-23 00:00:00",50938,58495
"2021-07-24 00:00:00",58271,99378
"2021-07-25 00:00:00",62035,50044
"2021-07-26 00:00:00",54673,46478
"2021-07-27 00:00:00",51417,99211
"2021-07-28 00:00:00",50430,92436
"2021-07-29 00:00:00",49999,106675
"2021-07-30 00:00:00",50171,38110
"2021-07-31 00:00:00",59041,100805
"2021-08-01 00:00:00",62930,117675
"2021-08-02 00:00:00",56253,54950
"2021-08-03 00:00:00",53687,110355
"2021-08-04 00:00:00",52028,37148
"2021-08-05 00:00:00",51573,101492
"2021-08-06 00:00:00",52454,44996
"2021-08-07 00:00:00",61209,84053
"2021-08-08 00:00:00",65329,86587
"2021-08-09 00:00:00",56677,45657
"2021-08-10 00:00:00",54260,84820
"2021-08-11 00:00:00",52969,39950
"2021-08-12 00:00:00",51252,80905
"2021-08-13 00:00:00",53158,33299
"2021-08-14 00:00:00",61277,81928
"2021-08-15 00:00:00",65076,87451
"2021-08-16 00:00:00",56160,50110
"2021-08-17 00:00:00",53700,83386
"2021-08-18 00:00:00",50610,76585
"2021-08-19 00:00:00",51329,47395
"2021-08-20 00:00:00",51049,35492
"2021-08-21 00:00:00",59316,76199
"2021-08-22 00:00:00",63451,80168
"2021-08-23 00:00:00",54469,50491
"2021-08-24 00:00:00",50248,71059
"2021-08-25 00:00:00",50298,93551
"2021-08-26 00:00:00",47709,64384
"2021-08-27 00:00:00",48531,28378
"2021-08-28 00:00:00",56330,65984
"2021-08-29 00:00:00",59051,29641
"2021-08-30 00:00:00",50745,37830
"2021-08-31 00:00:00",47167,36450
"2021-09-01 00:00:00",46085,33586
"2021-09-02 00:00:00",43864,26133
"2021-09-03 00:00:00",43832,35189
"2021-09-04 00:00:00",50090,28379
"2021-09-05 00:00:00",51848,30396
"2021-09-06 00:00:00",52541,51068
"2021-09-07 00:00:00",45968,41919
"2021-09-08 00:00:00",42572,28390
"2021-09-09 00:00:00",41205,18865
"2021-09-10 00:00:00",39257,15492
"2021-09-11 00:00:00",46323,62492
"2021-09-12 00:00:00",48476,26695
"2021-09-13 00:00:00",42880,23953
"2021-09-14 00:00:00",43200,18686
"2021-09-15 00:00:00",40113,27639
"2021-09-16 00:00:00",38859,38890
"2021-09-17 00:00:00",38624,24506
"2021-09-18 00:00:00",47927,131646
"2021-09-19 00:00:00",50616,22129
"2021-09-20 00:00:00",43541,33538
"2021-09-21 00:00:00",41712,66437
"2021-09-22 00:00:00",38634,20196
"2021-09-23 00:00:00",40153,24188
"2021-09-24 00:00:00",38390,30450
"2021-09-25 00:00:00",44890,27195
"2021-09-26 00:00:00",46555,25188
"2021-09-27 00:00:00",40349,49392
"2021-09-28 00:00:00",35632,35816
"2021-09-29 00:00:00",37230,13758
"2021-09-30 00:00:00",35622,22693
"2021-10-01 00:00:00",34876,21433
"2021-10-02 00:00:00",40824,13570
"2021-10-03 00:00:00",42131,16712
"2021-10-04 00:00:00",36544,20524
"2021-10-05 00:00:00",35113,36426
"2021-10-06 00:00:00",34239,18008
"2021-10-07 00:00:00",33033,15138
"2021-10-08 00:00:00",32531,14898
"2021-10-09 00:00:00",37723,15458
"2021-10-10 00:00:00",39795,18302
"2021-10-11 00:00:00",34777,20562
"2021-10-12 00:00:00",34005,18909
"2021-10-13 00:00:00",32859,31795
"2021-10-14 00:00:00",33017,16783
"2021-10-15 00:00:00",33209,30780
"2021-10-16 00:00:00",39701,21450
"2021-10-17 00:00:00",41755,20589
"2021-10-18 00:00:00",36178,24736
"2021-10-19 00:00:00",35882,24696
"2021-10-20 00:00:00",37540,24146
"2021-10-21 00:00:00",36180,20900
"2021-10-22 00:00:00",35123,22065
"2021-10-23 00:00:00",40844,23334
"2021-10-24 00:00:00",42623,17629
"2021-10-25 00:00:00",36997,18179
"2021-10-26 00:00:00",34759,21839
"2021-10-27 00:00:00",34795,20391
"2021-10-28 00:00:00",34137,23831
"2021-10-29 00:00:00",33591,19120
"2021-10-30 00:00:00",39236,17678
"2021-10-31 00:00:00",41319,12757
"2021-11-01 00:00:00",35904,16394
"2021-11-02 00:00:00",35928,17926
"2021-11-03 00:00:00",36091,19820
"2021-11-04 00:00:00",35704,26673
"2021-11-05 00:00:00",34964,19753
"2021-11-06 00:00:00",41371,86607
"2021-11-07 00:00:00",42433,16650
"2021-11-08 00:00:00",37122,17715
"2021-11-09 00:00:00",34751,14930
"2021-11-10 00:00:00",34097,17428
"2021-11-11 00:00:00",33769,14868
"2021-11-12 00:00:00",33601,18054
"2021-11-13 00:00:00",38703,18744
"2021-11-14 00:00:00",40424,19851
"2021-11-15 00:00:00",35209,28224
"2021-11-16 00:00:00",31881,15101
"2021-11-17 00:00:00",31906,15810
"2021-11-18 00:00:00",31553,13723
"2021-11-19 00:00:00",30932,17605
"2021-11-20 00:00:00",35967,18545
"2021-11-21 00:00:00",38104,15692
"2021-11-22 00:00:00",33377,27373
"2021-11-23 00:00:00",31958,27689
"2021-11-24 00:00:00",31190,31253
"2021-11-25 00:00:00",30405,26380
"2021-11-26 00:00:00",34684,25047
"2021-11-27 00:00:00",38470,26963
"2021-11-28 00:00:00",41186,45515
"2021-11-29 00:00:00",36402,48613
"2021-11-30 00:00:00",35538,49184
"2021-12-01 00:00:00",37588,41697
"2021-12-02 00:00:00",40232,24702
"2021-12-03 00:00:00",87831,81650,
"2021-12-04 00:00:00",94540,66246
"2021-12-05 00:00:00",95150,25916
"2021-12-06 00:00:00",87929,27900
"2021-12-07 00:00:00",86965,28545
"2021-12-08 00:00:00",85463,34048
"2021-12-09 00:00:00",82808,20874
"2021-12-10 00:00:00",84598,18537
"2021-12-11 00:00:00",91092,28332
"2021-12-12 00:00:00",90122,21629
"2021-12-13 00:00:00",80581,29910
"2021-12-14 00:00:00",78339,33242
"2021-12-15 00:00:00",74771,35672
"2021-12-16 00:00:00",72853,32778
"2021-12-17 00:00:00",72715,21890